fixture_id,date,home_team_id,away_team_id,home_score,away_score
F001_MCI_ARS,2025-02-02,MCI,ARS,0,1
F002_MCI_LIV,2025-03-03,MCI,LIV,0,2
F003_MCI_CHE,2025-04-04,MCI,CHE,1,2
F004_MCI_TOT,2025-05-05,MCI,TOT,2,1
F005_MCI_NEW,2025-06-06,MCI,NEW,0,2
F006_MCI_BHA,2025-07-07,MCI,BHA,2,0
F007_MCI_EVE,2025-08-08,MCI,EVE,1,2
F008_ARS_LIV,2025-09-09,ARS,LIV,2,0
F009_ARS_CHE,2025-01-10,ARS,CHE,0,2
F010_ARS_TOT,2025-02-11,ARS,TOT,1,2
F011_ARS_NEW,2025-03-12,ARS,NEW,0,1
F012_ARS_BHA,2025-04-13,ARS,BHA,2,2
F013_ARS_EVE,2025-05-14,ARS,EVE,0,1
F014_LIV_CHE,2025-06-15,LIV,CHE,1,1
F015_LIV_TOT,2025-07-16,LIV,TOT,2,0
F016_LIV_NEW,2025-08-17,LIV,NEW,0,0
F017_LIV_BHA,2025-09-18,LIV,BHA,0,0
F018_LIV_EVE,2025-01-19,LIV,EVE,0,1
F019_CHE_TOT,2025-02-20,CHE,TOT,1,0
F020_CHE_NEW,2025-03-21,CHE,NEW,2,1
F021_CHE_BHA,2025-04-22,CHE,BHA,3,1
F022_CHE_EVE,2025-05-23,CHE,EVE,0,1
F023_TOT_NEW,2025-06-24,TOT,NEW,1,2
F024_TOT_BHA,2025-07-25,TOT,BHA,2,1
F025_TOT_EVE,2025-08-26,TOT,EVE,0,0
F026_NEW_BHA,2025-09-27,NEW,BHA,1,2
F027_NEW_EVE,2025-01-01,NEW,EVE,2,3
F028_BHA_EVE,2025-02-02,BHA,EVE,3,1
