player_id,season_used,goals,assists,xg,xa,shots,shots_on_target,key_passes,passes_completed,passes_attempted,progressive_passes,progressive_carries,dribbles_completed,dribbles_attempted,times_dribbled_past,tackles,tackles_won,interceptions,blocks,clearances,aerial_duels_won,aerial_duels_total,duels_won,duels_total,recoveries,fouls_committed,crosses_completed,crosses_attempted,through_balls,touches_in_box,passes_long_completed,passes_long_attempted,saves,goals_against,post_shot_xg,goals_prevented,clean_sheets,minutes_played,matches_played
tyler_adams_bou,2025-26,2.0,2.0,0.5822,0.57458055,9.0,6.0,6.0,766.0,882.0,,,5.0,11.0,17.0,42.0,19.0,29.0,9.0,36.0,23.0,44.00000000229566,56.0,115.99999999751428,81.0,29.0,2.0,3.0,,,27.0,57.99999999742223,0.0,,,,4.0,1551.0,22.0
amine_adli_bou,2025-26,3.0,1.0,2.6012,1.61579027,20.0,9.0,16.0,313.0,406.0,,,8.0,21.0,7.0,34.0,15.0,6.0,8.0,17.0,30.0,56.00000000149333,64.0,117.00000000182813,60.0,26.0,2.0,40.0,,,2.0,10.0,0.0,,,,0.0,1077.0,29.0
julian_araujo_bou,2024-25,0.0,0.0,,,0.0,0.0,,0.0,0.0,,0.0,,,,10.0,10.0,0.0,0.0,16.0,0.0,0.0,0.0,0.0,0.0,7.0,0.0,0.0,0.0,,,,0.0,0.0,,0.0,0.0,497.0,12.0
david_brooks_bou,2025-26,1.0,3.0,5.1851,3.29284613,46.0,12.0,25.0,340.0,440.0,,,16.0,38.0,19.0,17.0,11.0,4.0,17.0,15.0,6.0,18.000000001799997,46.0,106.99999998906739,55.0,11.0,11.0,59.0,,,12.0,26.00000000216667,0.0,,,,0.0,1196.0,29.0
ryan_christie_bou,2025-26,2.0,0.0,1.9194,0.80028077,25.0,8.0,10.0,404.0,519.0,,,19.0,39.0,14.0,26.0,16.0,11.0,14.0,17.0,13.0,26.99999999896154,64.0,128.0,60.0,16.0,3.0,16.0,,,23.0,57.00000000421304,0.0,,,,0.0,945.0,25.0
lewis_cook_bou,2025-26,0.0,1.0,0.077,0.53525895,3.0,0.0,11.0,423.0,490.0,,,3.0,4.0,6.0,25.0,16.0,24.0,7.0,26.0,9.0,25.0,33.0,51.00000000231818,62.0,8.0,10.0,44.0,,,25.0,53.99999999568,0.0,,,,1.0,892.0,16.0
bafode_diakite_bou,2025-26,0.0,0.0,0.0185,0.18310612,1.0,0.0,3.0,659.0,749.0,,,0.0,3.0,3.0,20.0,15.0,12.0,5.0,83.0,35.0,70.99999999695714,25.0,40.0,48.0,8.0,0.0,1.0,,,34.0,72.00000000338824,0.0,,,,4.0,1286.0,18.0
fraser_forster_bou,2024-25,0.0,0.0,,,0.0,0.0,,0.0,0.0,,0.0,,,,0.0,0.0,0.0,0.0,7.0,0.0,0.0,0.0,0.0,0.0,0.0,0.0,0.0,0.0,,,,29.0,0.0,,0.0,1.0,630.0,7.0
james_hill_bou,2025-26,0.0,3.0,0.7951,1.13292688,11.0,2.0,11.0,672.0,877.0,,,2.0,2.0,11.0,37.0,20.0,35.0,15.0,149.0,102.0,154.00000000875687,49.0,73.99999999577143,69.0,11.0,2.0,11.0,,,45.0,151.9999999891911,0.0,,,,5.0,1850.0,26.0
daniel_jebbison_bou,2024-25,1.0,0.0,,,5.0,0.0,,0.0,0.0,,0.0,,,,5.0,5.0,0.0,0.0,1.0,0.0,0.0,0.0,0.0,0.0,2.0,0.0,0.0,0.0,,,,0.0,0.0,,0.0,0.0,105.0,16.0
justin_kluivert_bou,2025-26,2.0,0.0,2.2492,1.52075206,16.0,4.0,21.0,271.0,332.0,,,11.0,25.0,9.0,10.0,6.0,4.0,6.0,2.0,6.0,27.999999998133333,30.0,82.0000000082,44.0,15.0,8.0,42.0,,,12.0,16.0,0.0,,,,0.0,920.0,18.0
alvaro_rodriguez_bou,2025-26,4.0,2.0,2.3361,3.43045283,24.0,11.0,21.0,570.0,728.0,,,2.0,15.0,18.0,64.0,42.0,24.0,8.0,87.0,38.0,85.0000000055921,83.0,153.99999998886747,87.0,34.0,13.0,58.0,,,23.0,62.99999999643913,0.0,,,,10.0,2096.0,25.0
alex_scott_bou,2025-26,3.0,1.0,3.8057,2.92852875,44.0,13.0,27.0,1109.0,1309.0,,,28.0,51.0,22.0,56.0,36.0,36.0,28.0,74.0,34.0,62.999999997961766,140.0,248.9999999928857,176.0,40.0,14.0,82.0,,,49.0,118.9999999949,0.0,,,,6.0,2680.0,35.0
adam_smith_bou,2025-26,0.0,1.0,,0.22420607,0.0,0.0,4.0,201.0,265.0,,,1.0,1.0,8.0,12.0,10.0,6.0,6.0,29.0,12.0,24.0,19.0,40.0,22.0,14.0,1.0,10.0,,,9.0,45.0,0.0,,,,3.0,827.0,19.0
marcus_tavernier_bou,2025-26,6.0,4.0,8.601,3.88722472,64.0,21.0,44.0,833.0,1002.0,,,36.0,84.0,16.0,36.0,20.0,15.0,23.0,35.0,23.0,61.00000000450869,105.0,235.00000002014283,139.0,29.0,16.0,100.0,,,27.0,70.0000000025926,0.0,,,,4.0,2480.0,31.0
adrien_truffert_bou,2025-26,1.0,3.0,0.9877,2.6047277,14.0,4.0,25.0,1194.0,1434.0,,,28.0,66.0,28.0,90.0,48.0,47.0,15.0,138.0,44.0,98.00000000801818,148.0,274.99999999070945,173.0,37.0,30.0,136.0,,,35.0,112.99999999063714,0.0,,,,10.0,3110.0,35.0
ben_winterburn_bou,2025-26,0.0,0.0,,,0.0,0.0,0.0,0.0,1.0,,,0.0,0.0,0.0,0.0,0.0,0.0,0.0,0.0,0.0,,0.0,,0.0,0.0,0.0,0.0,,,0.0,,0.0,,,,0.0,13.0,1.0
junior_kroupi_bou,2025-26,12.0,0.0,7.901,1.28027418,43.0,20.0,21.0,288.0,387.0,,,14.0,34.0,8.0,9.0,6.0,8.0,15.0,31.0,8.0,28.999999996375003,34.0,102.00000001019998,56.0,23.0,1.0,10.0,,,13.0,20.0,0.0,,,,0.0,1462.0,30.0
veljko_milosavljevic_bou,2025-26,0.0,0.0,0.1513,0.19614632,1.0,0.0,1.0,160.0,190.0,,,1.0,1.0,2.0,5.0,4.0,4.0,5.0,25.0,11.0,27.00000000049091,6.0,8.99999999955,13.0,0.0,0.0,0.0,,,8.0,25.99999999935,0.0,,,,1.0,375.0,7.0
remy_rees-dottin_bou,2024-25,0.0,0.0,,,0.0,0.0,,0.0,0.0,,0.0,,,,0.0,0.0,0.0,0.0,0.0,0.0,0.0,0.0,0.0,0.0,0.0,0.0,0.0,0.0,,,,0.0,0.0,,0.0,0.0,1.0,1.0
julio_soler_bou,2025-26,0.0,0.0,,0.00502714,0.0,0.0,0.0,20.0,23.0,,,0.0,0.0,1.0,1.0,0.0,0.0,0.0,0.0,0.0,,3.0,6.0,4.0,2.0,0.0,2.0,,,0.0,,0.0,,,,0.0,34.0,3.0
alex_toth_bou,2025-26,0.0,0.0,0.0565,0.25010187,1.0,0.0,3.0,24.0,29.0,,,0.0,3.0,3.0,1.0,0.0,2.0,0.0,2.0,0.0,,3.0,10.0,5.0,1.0,0.0,3.0,,,0.0,,0.0,,,,0.0,127.0,7.0
kepa_arrizabalaga_ars,2025-26,0.0,0.0,,0.00049934,0.0,0.0,0.0,15.0,20.0,,,0.0,0.0,0.0,0.0,0.0,0.0,0.0,3.0,1.0,1.0,0.0,,8.0,0.0,0.0,0.0,,,3.0,8.0,2.0,1.0,,-0.055,0.0,90.0,1.0
riccardo_calafiori_ars,2025-26,1.0,2.0,3.3382,0.75683385,32.0,8.0,9.0,647.0,756.0,,,16.0,24.0,8.0,32.0,19.0,15.0,15.0,50.0,48.0,76.9999999971125,56.0,106.99999999617857,73.0,26.0,3.0,21.0,,,20.0,41.999999999159996,0.0,8.0,,,4.0,1707.0,26.0
gabriel_jesus_ars,2025-26,3.0,4.0,2.9272,1.81835229,27.0,7.0,7.0,1528.0,1733.0,,,1.0,2.0,7.0,38.0,20.0,23.0,44.0,182.0,99.0,159.00000000867274,72.0,103.00000000200279,64.0,21.0,1.0,5.0,,,78.0,175.00000000560897,0.0,20.0,,,17.0,2751.0,32.0
eberechi_eze_ars,2025-26,7.0,2.0,5.0541,2.65917195,63.0,20.0,16.0,565.0,666.0,,,29.0,49.0,7.0,19.0,14.0,11.0,25.0,10.0,10.0,35.00000000175,88.0,152.9999999980875,79.0,16.0,2.0,12.0,,,16.0,37.9999999981,0.0,14.0,,,2.0,1900.0,33.0
bruno_guimaraes_ars,2025-26,9.0,5.0,5.0829,4.1545734,35.0,18.0,43.0,1094.0,1266.0,,,15.0,40.0,24.0,55.0,39.0,13.0,7.0,33.0,11.0,33.000000003299995,132.0,253.99999998537575,118.0,36.0,20.0,71.0,,,73.0,120.00000000657533,0.0,,,,6.0,2210.0,26.0
viktor_gyokeres_ars,2025-26,14.0,1.0,12.3978,1.93781326,55.0,22.0,20.0,199.0,319.0,,,7.0,37.0,8.0,7.0,5.0,1.0,17.0,19.0,30.0,97.00000000485001,44.0,137.0000000049818,55.0,35.0,3.0,8.0,,,1.0,3.0000000002999996,0.0,14.0,,,4.0,2254.0,36.0
kai_havertz_ars,2025-26,2.0,3.0,3.3114,0.65939322,18.0,4.0,11.0,123.0,166.0,,,3.0,6.0,6.0,8.0,5.0,1.0,7.0,8.0,17.0,41.99999999604706,19.0,41.99999999823158,14.0,8.0,0.0,6.0,,,1.0,3.0000000002999996,0.0,4.0,,,0.0,583.0,12.0
piero_hincapie_ars,2025-26,1.0,2.0,0.3566,1.63358341,3.0,2.0,13.0,744.0,837.0,,,7.0,14.0,14.0,48.0,27.0,26.0,10.0,88.0,32.0,63.000000004528125,68.0,109.00000000160294,63.0,18.0,4.0,33.0,,,22.0,64.99999999261364,0.0,19.0,,,4.0,1792.0,25.0
ezri_konsa_ars,2025-26,0.0,0.0,1.2515,0.56455038,11.0,2.0,5.0,1879.0,1972.0,,,7.0,11.0,4.0,21.0,7.0,23.0,31.0,115.0,31.0,52.999999997948386,60.0,85.00000000495834,100.0,11.0,1.0,5.0,,,54.0,92.99999999845001,0.0,,,,8.0,2856.0,32.0
mikel_merino_ars,2025-26,4.0,3.0,3.3803,1.45507573,22.0,8.0,12.0,281.0,370.0,,,5.0,12.0,6.0,26.0,13.0,10.0,8.0,19.0,28.0,70.99999999695713,51.0,101.00000000990197,57.0,22.0,0.0,4.0,,,8.0,22.999999997125002,0.0,10.0,,,2.0,1035.0,22.0
cristhian_mosquera_ars,2025-26,0.0,0.0,0.096,0.62860044,1.0,0.0,5.0,578.0,633.0,,,1.0,3.0,5.0,32.0,19.0,8.0,7.0,47.0,20.0,47.99999999616001,40.0,71.99999999424,34.0,17.0,1.0,3.0,,,11.0,27.00000000049091,0.0,8.0,,,2.0,1003.0,20.0
martin_odegaard_ars,2025-26,1.0,6.0,1.2311,3.66602663,22.0,8.0,40.0,701.0,828.0,,,9.0,27.0,12.0,19.0,8.0,7.0,5.0,6.0,3.0,8.0,37.0,88.99999999542973,70.0,9.0,6.0,22.0,,,38.0,74.00000000194737,0.0,13.0,,,3.0,1370.0,24.0
david_raya_ars,2025-26,0.0,0.0,,0.11611292,0.0,0.0,3.0,707.0,1091.0,,,1.0,1.0,0.0,1.0,1.0,1.0,0.0,37.0,10.0,10.999999999889999,15.0,15.0,305.0,0.0,0.0,0.0,,,196.0,573.0000000397591,60.0,26.0,,-1.1335,19.0,3330.0,37.0
declan_rice_ars,2025-26,4.0,5.0,3.1747,6.9557609,40.0,13.0,64.0,1865.0,2136.0,,,14.0,28.0,14.0,70.0,35.0,37.0,25.0,78.0,50.0,73.999999997336,95.0,167.00000001441472,180.0,26.0,47.0,178.0,,,88.0,183.00000001518066,0.0,25.0,,,13.0,3099.0,36.0
bukayo_saka_ars,2025-26,7.0,5.0,7.5522,7.16070266,71.0,27.0,63.0,593.0,773.0,,,50.0,101.0,16.0,41.0,21.0,16.0,25.0,11.0,22.0,51.999999997163634,145.0,274.99999998577584,117.0,33.0,40.0,122.0,,,14.0,38.99999999721429,0.0,16.0,,,8.0,2225.0,31.0
william_saliba_ars,2025-26,1.0,0.0,0.8575,1.42431941,5.0,1.0,10.0,1954.0,2104.0,,,7.0,10.0,7.0,35.0,22.0,17.0,8.0,133.0,73.0,132.00000000723287,58.0,98.99999999300171,113.0,22.0,4.0,9.0,,,59.0,115.99999998977626,0.0,20.0,,,15.0,2615.0,31.0
jurrien_timber_ars,2025-26,3.0,5.0,4.7688,1.60875528,25.0,7.0,27.0,925.0,1085.0,,,13.0,33.0,9.0,66.0,37.0,24.0,9.0,53.0,40.0,59.999999997,107.0,197.00000000791684,97.0,38.0,6.0,46.0,,,20.0,52.00000000208,0.0,20.0,,,11.0,2457.0,30.0
ben_white_ars,2025-26,0.0,1.0,0.4567,0.68201301,5.0,1.0,8.0,289.0,354.0,,,3.0,4.0,8.0,15.0,9.0,9.0,5.0,25.0,12.0,27.000000002700002,24.0,40.0,28.0,5.0,3.0,16.0,,,10.0,30.999999996280003,0.0,6.0,,,3.0,713.0,12.0
martin_zubimendi_ars,2025-26,5.0,1.0,2.8516,2.2630964,27.0,9.0,19.0,1684.0,1928.0,,,7.0,15.0,21.0,68.0,38.0,39.0,13.0,78.0,65.0,98.00000000331693,88.0,158.00000000466818,116.0,33.0,3.0,12.0,,,53.0,112.99999999339057,0.0,25.0,,,10.0,3001.0,38.0
max_dowman_ars,2025-26,1.0,0.0,1.1825,0.31981857,6.0,1.0,4.0,46.0,52.0,,,6.0,17.0,3.0,2.0,2.0,1.0,1.0,0.0,0.0,,15.0,38.00000000050666,13.0,2.0,1.0,6.0,,,1.0,1.0,0.0,1.0,,,0.0,162.0,6.0
myles_lewis-skelly_ars,2025-26,0.0,0.0,0.107,0.20498921,2.0,0.0,4.0,350.0,382.0,,,8.0,10.0,4.0,8.0,5.0,5.0,2.0,11.0,6.0,16.999999998583334,32.0,55.00000000171875,30.0,10.0,0.0,0.0,,,9.0,16.0,0.0,8.0,,,2.0,722.0,20.0
ethan_nwaneri_ars,2025-26,0.0,0.0,0.2321,0.08285118,6.0,0.0,1.0,79.0,87.0,,,3.0,8.0,3.0,1.0,0.0,0.0,2.0,1.0,1.0,4.0,4.0,14.999999998125,10.0,2.0,0.0,2.0,,,5.0,8.99999999928,0.0,0.0,,,0.0,175.0,6.0
ross_barkley_avl,2025-26,2.0,0.0,0.74,1.20959874,13.0,6.0,8.0,282.0,323.0,,,10.0,15.0,6.0,10.0,8.0,2.0,6.0,9.0,13.0,23.99999999852308,27.0,57.99999999742223,37.0,6.0,0.0,0.0,,,11.0,16.0,0.0,,,,0.0,654.0,18.0
marco_bizot_avl,2025-26,0.0,0.0,,0.00277412,0.0,0.0,0.0,154.0,198.0,,,0.0,0.0,0.0,0.0,0.0,0.0,0.0,7.0,1.0,1.0,1.0,2.0,50.0,1.0,0.0,0.0,,,26.0,70.00000000538462,17.0,,,-0.9326,1.0,495.0,6.0
lamare_bogarde_avl,2025-26,0.0,0.0,,0.20190355,0.0,0.0,2.0,425.0,474.0,,,2.0,7.0,5.0,25.0,17.0,4.0,6.0,20.0,9.0,24.0,45.0,80.99999999351999,39.0,17.0,1.0,2.0,,,6.0,16.0,0.0,,,,1.0,1021.0,26.0
emiliano_buendia_avl,2025-26,6.0,2.0,3.2561,2.01496258,45.0,11.0,25.0,487.0,601.0,,,9.0,28.0,19.0,40.0,21.0,10.0,17.0,18.0,20.0,55.0000000055,86.0,189.00000001098837,99.0,37.0,0.0,9.0,,,22.0,36.999999999663636,0.0,,,,0.0,1593.0,33.0
matty_cash_avl,2025-26,3.0,3.0,1.1709,2.82422866,29.0,10.0,28.0,1113.0,1301.0,,,11.0,19.0,31.0,64.0,31.0,21.0,19.0,81.0,31.0,55.99999999710967,102.0,194.99999999139706,83.0,39.0,24.0,117.0,,,53.0,125.0,0.0,,,,8.0,2805.0,32.0
pau_torres_avl,2025-26,0.0,0.0,0.5686,0.37056408,7.0,0.0,1.0,991.0,1115.0,,,7.0,11.0,9.0,21.0,13.0,11.0,18.0,56.0,25.0,47.000000001504,33.0,57.000000002072724,79.0,7.0,0.0,4.0,,,51.0,120.0,0.0,,,,4.0,1569.0,19.0
alejandro_garnacho_avl,2025-26,1.0,4.0,3.4505,3.67917217,33.0,7.0,29.0,411.0,470.0,,,14.0,39.0,9.0,14.0,11.0,4.0,10.0,6.0,3.0,16.0,51.0,105.00000000308823,44.0,9.0,8.0,59.0,,,13.0,13.0,0.0,,,,1.0,1274.0,23.0
joao_gomes_avl,2025-26,1.0,1.0,1.2783,2.05311057,19.0,7.0,16.0,1194.0,1394.0,,,42.0,65.0,42.0,99.0,64.0,33.0,12.0,40.0,26.0,52.0,186.0,363.9999999921721,185.0,64.0,11.0,32.0,,,37.0,68.99999999459189,0.0,,,,2.0,2664.0,33.0
taylor_harwood-bellis_avl,2024-25,1.0,0.0,,,20.0,9.0,,1631.0,1840.0,,244.0,,,,0.0,0.0,35.0,9.0,140.0,28.0,56.0,144.0,244.0,138.0,35.0,2.0,12.0,6.0,,,,0.0,0.0,,0.0,3.0,2828.0,34.0
nicolas_jackson_avl,2024-25,10.0,5.0,,,76.0,32.0,,501.0,599.0,,242.0,,,,22.0,22.0,10.0,0.0,15.0,11.0,30.0,95.0,208.0,84.0,35.0,11.0,63.0,1.0,,,,0.0,0.0,,0.0,0.0,2238.0,30.0
boubacar_kamara_avl,2025-26,1.0,3.0,0.4904,0.86047139,7.0,4.0,15.0,722.0,818.0,,,14.0,31.0,19.0,37.0,17.0,18.0,11.0,20.0,36.0,55.99999999626666,80.0,148.0000000111,65.0,17.0,0.0,2.0,,,31.0,45.999999998516124,0.0,,,,2.0,1418.0,18.0
ian_maatsen_avl,2025-26,0.0,1.0,1.2366,2.26113329,18.0,5.0,23.0,567.0,660.0,,,18.0,43.0,22.0,36.0,28.0,15.0,5.0,54.0,16.0,26.999999999662503,72.0,156.000000013,75.0,15.0,11.0,50.0,,,25.0,36.000000002304,0.0,,,,2.0,1437.0,27.0
john_mcginn_avl,2025-26,4.0,3.0,2.6781,3.36384216,22.0,9.0,37.0,572.0,691.0,,,17.0,35.0,14.0,27.0,15.0,12.0,10.0,14.0,11.0,30.999999998027274,90.0,196.99999999058775,81.0,29.0,20.0,74.0,,,38.0,62.999999997347366,0.0,,,,2.0,1979.0,27.0
tyrone_mings_avl,2025-26,0.0,0.0,1.3749,0.40661855,9.0,1.0,5.0,699.0,781.0,,,2.0,4.0,1.0,4.0,2.0,9.0,11.0,69.0,37.0,63.00000000017027,12.0,23.000000001533333,39.0,8.0,0.0,3.0,,,32.0,75.9999999962,0.0,,,,3.0,1143.0,15.0
amadou_onana_avl,2025-26,2.0,0.0,1.7146,0.70305997,19.0,7.0,7.0,734.0,841.0,,,7.0,13.0,11.0,47.0,29.0,25.0,21.0,58.0,45.0,67.99999999818668,76.0,121.99999999454211,72.0,20.0,0.0,0.0,,,42.0,64.99999999535714,0.0,,,,3.0,1759.0,24.0
victor_lindelof_avl,2025-26,0.0,1.0,0.2792,0.09292312,3.0,0.0,2.0,497.0,526.0,,,0.0,0.0,2.0,6.0,3.0,5.0,5.0,30.0,11.0,16.0,6.0,10.0,16.0,1.0,0.0,0.0,,,12.0,23.000000001533333,0.0,,,,1.0,793.0,14.0
aaron_wan-bissaka_avl,2025-26,0.0,2.0,,0.93024977,0.0,0.0,17.0,524.0,688.0,,,16.0,32.0,7.0,30.0,20.0,38.0,7.0,90.0,21.0,43.99999999748571,58.0,111.99999999073103,68.0,22.0,16.0,39.0,,,23.0,68.00000000354783,0.0,,,,3.0,1931.0,23.0
george_hemmings_avl,2025-26,0.0,0.0,0.0381,0.00926846,1.0,0.0,0.0,17.0,17.0,,,0.0,0.0,0.0,0.0,0.0,0.0,1.0,0.0,0.0,,0.0,,1.0,1.0,0.0,0.0,,,1.0,1.0,0.0,,,,0.0,25.0,2.0
kosta_nedeljkovic_avl,2024-25,0.0,0.0,,,0.0,0.0,,0.0,0.0,,0.0,,,,7.0,7.0,0.0,0.0,3.0,0.0,0.0,0.0,0.0,0.0,0.0,0.0,0.0,0.0,,,,0.0,0.0,,0.0,0.0,121.0,5.0
kristoffer_ajer_bre,2025-26,0.0,1.0,0.7805,0.71226843,10.0,3.0,4.0,496.0,628.0,,,2.0,10.0,7.0,35.0,20.0,15.0,16.0,102.0,55.0,95.00000000345453,42.0,82.99999999762856,51.0,22.0,1.0,7.0,,,23.0,79.0000000017174,0.0,,,,4.0,1648.0,25.0
jaidon_anthony_bre,2025-26,7.0,2.0,4.5007,2.76619956,50.0,20.0,35.0,631.0,792.0,,,32.0,85.0,28.0,39.0,21.0,15.0,20.0,24.0,12.0,36.00000000359999,110.0,250.0,130.0,20.0,13.0,66.0,,,25.0,50.0,0.0,,,,2.0,2481.0,34.0
nathan_collins_bre,2025-26,1.0,2.0,2.1754,1.2758542,19.0,6.0,10.0,1333.0,1604.0,,,3.0,6.0,8.0,27.0,12.0,34.0,39.0,190.0,79.0,146.9999999962785,47.0,84.99999999547873,123.0,19.0,1.0,1.0,,,86.0,229.0000000173081,0.0,,,,9.0,2702.0,32.0
mikkel_damsgaard_bre,2025-26,4.0,4.0,2.5888,4.77640038,28.0,11.0,38.0,666.0,861.0,,,15.0,44.0,40.0,50.0,30.0,22.0,8.0,14.0,17.0,43.99999999585882,85.0,202.00000000380234,122.0,19.0,25.0,90.0,,,32.0,80.9999999989875,0.0,,,,3.0,1902.0,30.0
josh_dasilva_bre,2025-26,0.0,0.0,,7.06e-06,0.0,0.0,0.0,2.0,2.0,,,0.0,1.0,0.0,0.0,0.0,0.0,0.0,0.0,0.0,,0.0,,0.0,0.0,0.0,0.0,,,0.0,,0.0,,,,0.0,8.0,1.0
el_hadji_malick_diouf_bre,2025-26,0.0,5.0,0.5265,2.2720518,17.0,3.0,25.0,677.0,915.0,,,21.0,44.0,13.0,40.0,20.0,30.0,17.0,109.0,39.0,75.0,83.0,159.00000000498073,108.0,26.0,23.0,90.0,,,52.0,168.0000000129231,0.0,,,,5.0,2441.0,29.0
fabio_carvalho_bre,2025-26,1.0,0.0,0.6992,0.03116271,2.0,1.0,0.0,20.0,25.0,,,1.0,3.0,0.0,3.0,2.0,0.0,0.0,0.0,1.0,4.0,4.0,7.000000000350001,5.0,0.0,1.0,5.0,,,2.0,2.0,0.0,,,,0.0,128.0,6.0
rico_henry_bre,2025-26,0.0,1.0,0.1792,0.54618954,5.0,0.0,4.0,370.0,481.0,,,15.0,30.0,8.0,15.0,11.0,8.0,6.0,41.0,19.0,40.0,47.0,94.0,72.0,15.0,3.0,25.0,,,23.0,58.99999999615217,0.0,,,,3.0,1334.0,25.0
aaron_hickey_bre,2025-26,0.0,0.0,0.4147,0.13462922,5.0,1.0,0.0,224.0,268.0,,,0.0,7.0,6.0,13.0,7.0,7.0,5.0,20.0,9.0,18.0,21.0,43.99999999748571,33.0,6.0,0.0,4.0,,,10.0,22.0000000022,0.0,,,,0.0,625.0,19.0
vitaly_janelt_bre,2025-26,1.0,4.0,0.9081,1.87983045,12.0,3.0,19.0,621.0,718.0,,,4.0,10.0,16.0,24.0,15.0,29.0,11.0,30.0,23.0,35.00000000228261,38.0,82.00000000819999,74.0,17.0,16.0,53.0,,,40.0,80.9999999989875,0.0,,,,4.0,1267.0,22.0
mathias_jensen_bre,2025-26,3.0,1.0,2.2193,5.74924033,27.0,8.0,31.0,822.0,1007.0,,,18.0,32.0,27.0,38.0,23.0,18.0,13.0,30.0,7.0,26.999999995757143,68.0,147.00000000432354,101.0,18.0,37.0,117.0,,,88.0,154.9999999955966,0.0,,,,4.0,2041.0,33.0
michael_kayode_bre,2025-26,1.0,1.0,1.1757,2.72146603,9.0,3.0,33.0,907.0,1065.0,,,48.0,94.0,18.0,61.0,41.0,37.0,16.0,95.0,40.0,65.99999999571,156.0,269.99999998961533,153.0,23.0,14.0,53.0,,,34.0,77.99999999954119,0.0,,,,8.0,2994.0,34.0
caoimhin_kelleher_bre,2025-26,0.0,0.0,,0.24851836,0.0,0.0,3.0,781.0,1191.0,,,3.0,3.0,1.0,1.0,0.0,1.0,0.0,41.0,5.0,6.999999999859999,9.0,12.0,263.0,2.0,0.0,0.0,,,233.0,640.9999999675373,93.0,,,-2.2571,10.0,3060.0,34.0
keane_lewis-potter_bre,2025-26,3.0,3.0,2.912,2.29637744,28.0,9.0,18.0,365.0,475.0,,,15.0,42.0,9.0,19.0,11.0,9.0,11.0,32.0,11.0,38.000000001381814,65.0,131.00000000181385,80.0,15.0,21.0,61.0,,,17.0,65.00000000955883,0.0,,,,5.0,1721.0,33.0
dango_ouattara_bre,2025-26,5.0,3.0,6.2739,3.94025209,48.0,17.0,25.0,282.0,449.0,,,21.0,75.0,17.0,23.0,12.0,23.0,14.0,47.0,46.0,95.99999999332175,79.0,202.00000000562534,82.0,26.0,18.0,101.0,,,16.0,36.0000000036,0.0,,,,1.0,2077.0,29.0
kevin_schade_bre,2025-26,7.0,3.0,11.0558,2.07518016,51.0,22.0,29.0,339.0,496.0,,,20.0,68.0,9.0,38.0,23.0,18.0,13.0,28.0,81.0,156.9999999936037,99.0,240.0,90.0,43.0,5.0,21.0,,,6.0,16.0,0.0,,,,5.0,2550.0,32.0
hakon_valdimarsson_bre,2025-26,0.0,0.0,,0.00111148,0.0,0.0,0.0,30.0,41.0,,,0.0,0.0,0.0,0.0,0.0,0.0,0.0,0.0,0.0,,0.0,,7.0,0.0,0.0,0.0,,,12.0,23.000000001533333,1.0,,,-1.7175,0.0,90.0,1.0
sepp_van_den_berg_bre,2025-26,0.0,1.0,2.9434,0.96942579,22.0,7.0,6.0,1224.0,1384.0,,,1.0,1.0,6.0,19.0,8.0,29.0,25.0,185.0,135.0,198.99999999970518,31.0,53.99999999756129,106.0,14.0,0.0,0.0,,,53.0,102.00000000731322,0.0,,,,8.0,2663.0,30.0
callum_wilson_bre,2025-26,6.0,1.0,6.9278,0.39195117,33.0,13.0,7.0,89.0,140.0,,,11.0,20.0,5.0,3.0,1.0,3.0,10.0,4.0,17.0,59.00000000416471,26.0,66.0000000066,26.0,10.0,1.0,4.0,,,1.0,4.0,0.0,,,,0.0,1110.0,29.0
yehor_yarmoliuk_bre,2025-26,1.0,2.0,1.2018,1.34076693,16.0,4.0,15.0,1059.0,1259.0,,,14.0,40.0,38.0,64.0,41.0,27.0,15.0,35.0,29.0,54.999999997155165,90.0,212.99999998366997,175.0,37.0,8.0,29.0,,,60.0,128.999999991615,0.0,,,,6.0,2507.0,35.0
romelle_donovan_bre,2025-26,0.0,0.0,0.0958,0.01732758,3.0,1.0,1.0,9.0,16.0,,,5.0,6.0,1.0,0.0,0.0,0.0,2.0,0.0,0.0,,8.0,14.000000000700002,5.0,2.0,0.0,2.0,,,1.0,2.0,0.0,,,,0.0,38.0,4.0
kaye_furo_bre,2025-26,0.0,0.0,,,0.0,0.0,0.0,0.0,0.0,,,0.0,0.0,0.0,0.0,0.0,0.0,0.0,0.0,0.0,,0.0,,0.0,1.0,0.0,0.0,,,0.0,,0.0,,,,0.0,9.0,1.0
yunus_konak_bre,2024-25,0.0,0.0,,,1.0,0.0,,0.0,0.0,,0.0,,,,4.0,4.0,0.0,0.0,0.0,0.0,0.0,0.0,0.0,0.0,3.0,0.0,0.0,0.0,,,,0.0,0.0,,0.0,0.0,36.0,10.0
jayden_meghoma_bre,2024-25,0.0,0.0,,,0.0,0.0,,0.0,0.0,,0.0,,,,0.0,0.0,0.0,0.0,0.0,0.0,0.0,0.0,0.0,0.0,0.0,0.0,0.0,0.0,,,,0.0,0.0,,0.0,0.0,4.0,1.0
gustavo_nunes_bre,2024-25,0.0,0.0,,,0.0,0.0,,0.0,0.0,,0.0,,,,3.0,3.0,0.0,0.0,2.0,0.0,0.0,0.0,0.0,0.0,0.0,0.0,0.0,0.0,,,,0.0,0.0,,0.0,0.0,11.0,3.0
yasin_ayari_bha,2025-26,3.0,3.0,2.7096,1.13895251,41.0,10.0,16.0,819.0,950.0,,,18.0,48.0,24.0,47.0,24.0,25.0,15.0,24.0,9.0,25.999999996533333,93.0,187.99999998625375,123.0,23.0,5.0,23.0,,,40.0,66.999999996985,0.0,,,,6.0,1919.0,27.0
olivier_boscagli_bha,2025-26,0.0,1.0,0.0382,0.46156584,1.0,0.0,4.0,652.0,754.0,,,2.0,2.0,5.0,16.0,9.0,18.0,2.0,42.0,17.0,29.999999998235296,29.0,41.99999999855173,54.0,7.0,5.0,15.0,,,32.0,77.99999999171249,0.0,,,,3.0,819.0,12.0
maxim_de_cuyper_bha,2025-26,2.0,1.0,1.7056,2.30863619,11.0,6.0,22.0,473.0,567.0,,,5.0,13.0,14.0,21.0,12.0,10.0,5.0,24.0,8.0,25.0,44.0,85.00000000386363,59.0,16.0,23.0,63.0,,,11.0,33.99999999629091,0.0,,,,0.0,1220.0,27.0
lewis_dunk_bha,2025-26,0.0,0.0,1.1728,0.5215836,19.0,2.0,6.0,2042.0,2216.0,,,4.0,4.0,19.0,33.0,21.0,29.0,31.0,132.0,68.0,115.00000000507353,45.0,80.99999999351999,121.0,14.0,1.0,5.0,,,75.0,155.00000001343335,0.0,,,,6.0,2574.0,30.0
evan_ferguson_bha,2024-25,1.0,0.0,,,12.0,0.0,,0.0,0.0,,0.0,,,,7.0,7.0,0.0,0.0,5.0,0.0,0.0,0.0,0.0,0.0,4.0,0.0,0.0,0.0,,,,0.0,0.0,,0.0,0.0,387.0,21.0
diego_gomez_bha,2025-26,5.0,1.0,5.3698,1.68692749,36.0,14.0,21.0,560.0,716.0,,,18.0,38.0,29.0,77.0,49.0,16.0,12.0,27.0,52.0,89.00000000325191,104.0,225.00000001081733,104.0,48.0,6.0,20.0,,,17.0,38.999999999770594,0.0,,,,0.0,2052.0,30.0
pascal_gross_bha,2025-26,1.0,3.0,1.0761,3.02757209,13.0,5.0,34.0,749.0,875.0,,,7.0,16.0,15.0,24.0,16.0,11.0,9.0,22.0,12.0,27.000000002700002,43.0,89.00000000289766,66.0,16.0,35.0,101.0,,,28.0,59.99999999571429,0.0,,,,4.0,1366.0,16.0
ferdi_kad_oglu_bha,2024-25,1.0,0.0,,,4.0,0.0,,0.0,0.0,,0.0,,,,10.0,10.0,0.0,0.0,17.0,0.0,0.0,0.0,0.0,0.0,5.0,0.0,0.0,0.0,,,,0.0,0.0,,0.0,1.0,388.0,6.0
yankuba_minteh_bha,2025-26,2.0,4.0,3.5785,4.60731203,40.0,10.0,42.0,382.0,570.0,,,60.0,111.0,19.0,51.0,33.0,15.0,15.0,14.0,19.0,48.0000000040421,133.0,260.99999998017967,90.0,29.0,31.0,137.0,,,12.0,27.999999998133333,0.0,,,,1.0,2174.0,31.0
kaoru_mitoma_bha,2025-26,3.0,1.0,3.7819,2.8061081,29.0,13.0,31.0,459.0,556.0,,,26.0,58.0,16.0,17.0,11.0,9.0,7.0,17.0,15.0,35.99999999712,62.0,159.0000000074371,61.0,30.0,8.0,42.0,,,12.0,18.99999999905,0.0,,,,1.0,1663.0,24.0
matt_o'riley_bha,2025-26,1.0,0.0,1.2045,0.17190449,4.0,2.0,4.0,61.0,70.0,,,0.0,1.0,3.0,5.0,2.0,0.0,1.0,2.0,2.0,7.000000000350001,6.0,13.000000001083334,2.0,2.0,4.0,7.0,,,1.0,3.0000000002999996,0.0,,,,0.0,203.0,6.0
georginio_rutter_bha,2025-26,3.0,3.0,2.599,2.59915776,39.0,13.0,24.0,292.0,419.0,,,26.0,58.0,15.0,31.0,19.0,10.0,14.0,26.0,19.0,49.000000005157894,90.0,222.00000000295998,58.0,29.0,3.0,20.0,,,16.0,26.999999999662503,0.0,,,,2.0,1749.0,29.0
jason_steele_bha,2024-25,0.0,0.0,,,0.0,0.0,,0.0,0.0,,0.0,,,,0.0,0.0,0.0,0.0,3.0,0.0,0.0,0.0,0.0,0.0,0.0,0.0,0.0,0.0,,,,3.0,0.0,,0.0,1.0,180.0,2.0
pascal_struijk_bha,2025-26,0.0,1.0,2.9857,0.76755454,30.0,5.0,12.0,1551.0,1757.0,,,3.0,5.0,16.0,36.0,23.0,28.0,26.0,203.0,106.0,189.00000001569055,59.0,105.00000000088984,112.0,24.0,0.0,2.0,,,67.0,148.0000000008836,0.0,,,,6.0,2791.0,32.0
bart_verbruggen_bha,2025-26,0.0,0.0,,0.11079748,0.0,0.0,1.0,1098.0,1438.0,,,1.0,1.0,1.0,1.0,1.0,0.0,0.0,30.0,10.0,10.999999999889999,5.0,8.0,304.0,2.0,0.0,0.0,,,185.0,519.9999999550271,99.0,,,2.931,9.0,3150.0,35.0
mats_wieffer_bha,2025-26,2.0,3.0,1.9257,1.85481122,18.0,6.0,20.0,706.0,844.0,,,9.0,20.0,35.0,64.0,40.0,25.0,11.0,71.0,41.0,86.00000000839024,94.0,190.9999999839479,101.0,29.0,3.0,15.0,,,40.0,74.00000000555,0.0,,,,5.0,1824.0,25.0
aaron_connolly_bha,2024-25,0.0,0.0,,,0.0,0.0,,0.0,0.0,,0.0,,,,1.0,1.0,0.0,0.0,0.0,0.0,0.0,0.0,0.0,0.0,0.0,0.0,0.0,0.0,,,,0.0,0.0,,0.0,0.0,21.0,4.0
jack_hinshelwood_bha,2025-26,3.0,3.0,4.3713,1.96149759,32.0,13.0,12.0,470.0,567.0,,,3.0,9.0,10.0,17.0,12.0,5.0,12.0,22.0,11.0,33.000000003299995,29.0,84.99999999706897,57.0,33.0,0.0,7.0,,,9.0,24.0,0.0,,,,1.0,1506.0,24.0
jack_spong_bha,2025-26,0.0,0.0,,0.03117956,0.0,0.0,0.0,29.0,34.0,,,2.0,3.0,2.0,1.0,0.0,0.0,0.0,3.0,2.0,6.000000000599999,3.0,8.0,3.0,0.0,0.0,4.0,,,2.0,4.0,0.0,,,,0.0,93.0,3.0
charalampos_kostoulas_bha,2025-26,2.0,1.0,1.923,0.28914626,17.0,7.0,7.0,79.0,106.0,,,9.0,24.0,3.0,11.0,7.0,1.0,3.0,4.0,16.0,37.9999999981,27.0,61.000000002711104,22.0,7.0,0.0,5.0,,,1.0,4.0,0.0,,,,0.0,337.0,18.0
stefanos_tzimas_bha,2025-26,1.0,1.0,0.4624,0.11832743,4.0,1.0,6.0,17.0,24.0,,,1.0,2.0,2.0,3.0,2.0,0.0,2.0,1.0,0.0,,5.0,20.999999999579998,10.0,4.0,0.0,1.0,,,0.0,,0.0,,,,0.0,164.0,9.0
tom_watson_bha,2025-26,0.0,0.0,0.0366,0.03771793,1.0,1.0,0.0,14.0,19.0,,,0.0,1.0,0.0,1.0,1.0,0.0,0.0,0.0,0.0,,1.0,5.0,4.0,3.0,0.0,0.0,,,2.0,2.99999999985,0.0,,,,0.0,73.0,6.0
moises_caicedo_che,2025-26,3.0,1.0,1.3926,2.10791949,26.0,7.0,14.0,1726.0,1876.0,,,12.0,22.0,24.0,83.0,44.0,56.0,26.0,26.0,13.0,40.0,141.0,237.99999999594894,164.0,46.0,2.0,7.0,,,57.0,88.00000000370525,0.0,,,,5.0,2537.0,30.0
wesley_fofana_che,2025-26,0.0,1.0,0.7214,0.60938374,8.0,1.0,3.0,1023.0,1111.0,,,10.0,14.0,4.0,19.0,10.0,31.0,22.0,118.0,66.0,98.99999999505,42.0,74.99999999999999,69.0,20.0,1.0,2.0,,,25.0,51.999999996672,0.0,,,,3.0,1493.0,22.0
malo_gusto_che,2025-26,2.0,3.0,1.5564,2.41139389,12.0,6.0,27.0,1032.0,1184.0,,,11.0,23.0,19.0,49.0,23.0,28.0,7.0,36.0,13.0,31.000000000715385,79.0,139.0000000100291,113.0,17.0,12.0,57.0,,,37.0,72.99999999546216,0.0,,,,3.0,2092.0,32.0
jordan_henderson_che,2025-26,1.0,3.0,0.3319,2.39206751,6.0,1.0,18.0,843.0,1085.0,,,3.0,8.0,8.0,26.0,12.0,17.0,9.0,34.0,11.0,29.00000000210909,34.0,65.99999999378824,94.0,13.0,16.0,45.0,,,69.0,184.0,0.0,,,,3.0,1831.0,29.0
reece_james_che,2025-26,2.0,4.0,1.0148,3.13504645,21.0,6.0,27.0,1132.0,1272.0,,,10.0,20.0,10.0,47.0,32.0,32.0,15.0,39.0,30.0,46.00000000306666,77.0,137.00000000498184,96.0,27.0,30.0,123.0,,,56.0,101.00000000811606,0.0,,,,4.0,1896.0,27.0
maxence_lacroix_che,2025-26,1.0,2.0,2.288,0.83479227,22.0,6.0,6.0,1350.0,1534.0,,,7.0,11.0,9.0,55.0,36.0,41.0,22.0,233.0,106.0,175.00000000412737,79.0,129.9999999983544,87.0,33.0,2.0,5.0,,,76.0,158.99999999456054,0.0,,,,11.0,2846.0,32.0
romeo_lavia_che,2025-26,0.0,0.0,0.2049,0.53661277,3.0,0.0,1.0,263.0,284.0,,,3.0,5.0,0.0,8.0,7.0,5.0,1.0,4.0,3.0,4.0,19.0,34.00000000071579,20.0,8.0,0.0,1.0,,,12.0,14.000000000700002,0.0,,,,0.0,377.0,12.0
pedro_neto_che,2025-26,5.0,4.0,4.5259,6.699153,44.0,12.0,50.0,777.0,893.0,,,44.0,98.0,23.0,16.0,10.0,6.0,21.0,13.0,8.0,32.0,83.0,199.00000001702287,80.0,15.0,36.0,180.0,,,29.0,43.999999999393104,0.0,,,,5.0,2489.0,32.0
emiliano_martinez_che,2025-26,0.0,0.0,,0.09851493,0.0,0.0,1.0,831.0,1128.0,,,0.0,0.0,0.0,0.0,0.0,0.0,0.0,26.0,14.0,15.000000000535714,12.0,12.0,256.0,0.0,0.0,0.0,,,163.0,452.99999994775214,88.0,,,4.1193,7.0,2655.0,30.0
cole_palmer_che,2025-26,9.0,1.0,10.1373,2.32539893,58.0,22.0,24.0,612.0,719.0,,,22.0,61.0,9.0,21.0,11.0,15.0,20.0,12.0,0.0,,71.0,162.99999999471973,77.0,13.0,5.0,34.0,,,34.0,49.99999999999999,0.0,,,,2.0,1696.0,23.0
morgan_rogers_che,2025-26,9.0,5.0,6.5917,4.01022959,81.0,31.0,42.0,750.0,998.0,,,41.0,115.0,22.0,38.0,21.0,13.0,28.0,30.0,26.0,84.00000000646155,125.0,340.00000002175994,130.0,44.0,3.0,47.0,,,36.0,56.99999999715,0.0,,,,7.0,3105.0,35.0
levi_colwill_che,2025-26,0.0,0.0,,0.00997368,0.0,0.0,0.0,43.0,48.0,,,0.0,0.0,0.0,1.0,0.0,0.0,0.0,0.0,2.0,4.0,1.0,1.0,3.0,0.0,0.0,0.0,,,1.0,2.0,0.0,,,,0.0,45.0,1.0
danny_welbeck_che,2025-26,13.0,1.0,11.9763,1.37503793,52.0,25.0,20.0,353.0,445.0,,,10.0,25.0,12.0,21.0,12.0,9.0,9.0,28.0,17.0,52.99999999688235,39.0,107.00000000246924,47.0,24.0,0.0,2.0,,,5.0,8.99999999928,0.0,,,,1.0,2068.0,34.0
josh_acheampong_che,2025-26,1.0,0.0,0.6039,0.13838912,3.0,2.0,2.0,417.0,450.0,,,10.0,13.0,4.0,10.0,7.0,10.0,3.0,19.0,10.0,17.00000000051,25.0,40.0,23.0,2.0,1.0,1.0,,,4.0,14.999999998125,0.0,,,,1.0,608.0,15.0
jesse_derry_che,2025-26,0.0,0.0,0.098,0.0232965,2.0,1.0,0.0,12.0,13.0,,,0.0,2.0,0.0,1.0,1.0,0.0,0.0,0.0,1.0,2.0,1.0,4.0,2.0,0.0,1.0,2.0,,,0.0,,0.0,,,,0.0,44.0,1.0
jorrel_hato_che,2025-26,0.0,0.0,0.3071,0.5449205,4.0,0.0,7.0,566.0,617.0,,,6.0,12.0,10.0,30.0,19.0,12.0,5.0,33.0,14.0,28.99999999937857,38.0,71.99999999696841,42.0,14.0,4.0,7.0,,,7.0,21.999999998742855,0.0,,,,0.0,927.0,19.0
dario_essugo_che,2025-26,0.0,0.0,,0.00875378,0.0,0.0,0.0,19.0,23.0,,,2.0,2.0,1.0,4.0,2.0,0.0,0.0,1.0,1.0,1.0,7.0,10.999999999371427,0.0,2.0,0.0,0.0,,,0.0,,0.0,,,,0.0,25.0,2.0
shumaira_mheuka_che,2024-25,0.0,0.0,,,1.0,0.0,,0.0,0.0,,0.0,,,,0.0,0.0,0.0,0.0,0.0,0.0,0.0,0.0,0.0,0.0,0.0,0.0,0.0,0.0,,,,0.0,0.0,,0.0,0.0,1.0,1.0
mamadou_sarr_che,2025-26,0.0,0.0,0.4359,0.00197374,1.0,0.0,0.0,45.0,49.0,,,0.0,1.0,0.0,1.0,0.0,1.0,1.0,5.0,0.0,,1.0,2.0,2.0,0.0,0.0,0.0,,,0.0,,0.0,,,,0.0,98.0,2.0
taiwo_awoniyi_cov,2025-26,4.0,1.0,3.0777,0.40075519,12.0,7.0,4.0,40.0,52.0,,,2.0,4.0,4.0,1.0,1.0,1.0,2.0,4.0,8.0,41.0000000041,7.0,23.99999999725714,13.0,7.0,0.0,1.0,,,0.0,,0.0,,,,0.0,381.0,14.0
daniel_bentley_cov,2025-26,0.0,0.0,,0.00600663,0.0,0.0,0.0,39.0,62.0,,,0.0,0.0,0.0,0.0,0.0,0.0,0.0,3.0,0.0,,0.0,,16.0,0.0,0.0,0.0,,,13.0,36.000000001107686,4.0,,,-0.1013,0.0,180.0,2.0
frank_onyeka_cov,2025-26,0.0,1.0,,0.36951338,0.0,0.0,1.0,28.0,36.0,,,2.0,4.0,2.0,2.0,0.0,0.0,0.0,3.0,1.0,2.0,7.0,14.0,5.0,3.0,0.0,0.0,,,1.0,2.0,0.0,,,,0.0,88.0,6.0
ethan_pinnock_cov,2025-26,0.0,0.0,0.0106,0.06031063,1.0,1.0,0.0,110.0,133.0,,,1.0,1.0,3.0,5.0,4.0,5.0,5.0,27.0,13.0,23.00000000017692,7.0,10.999999999371427,11.0,0.0,0.0,0.0,,,9.0,18.0,0.0,,,,1.0,321.0,4.0
loum_tchaouna_cov,2025-26,2.0,0.0,1.1515,0.76327408,18.0,8.0,8.0,213.0,285.0,,,6.0,19.0,14.0,15.0,7.0,2.0,6.0,9.0,14.0,35.0,33.0,81.00000000147273,24.0,9.0,7.0,22.0,,,12.0,16.0,0.0,,,,0.0,1069.0,26.0
luke_woolfenden_cov,2024-25,0.0,0.0,,,1.0,2.0,,363.0,442.0,,61.0,,,,9.0,9.0,4.0,5.0,76.0,10.0,24.0,35.0,72.0,39.0,5.0,4.0,31.0,0.0,,,,0.0,0.0,,0.0,1.0,1186.0,15.0
harry_clarke_cov,2024-25,0.0,0.0,,,1.0,0.0,,0.0,0.0,,0.0,,,,5.0,5.0,0.0,0.0,12.0,0.0,0.0,0.0,0.0,0.0,5.0,0.0,0.0,0.0,,,,0.0,0.0,,0.0,0.0,378.0,7.0
walter_benitez_cry,2025-26,0.0,0.0,,0.00123253,0.0,0.0,0.0,18.0,27.0,,,0.0,0.0,0.0,0.0,0.0,0.0,0.0,1.0,0.0,,0.0,,9.0,0.0,0.0,0.0,,,5.0,14.00000000168,3.0,,,0.3586,1.0,90.0,1.0
ben_chilwell_cry,2024-25,1.0,0.0,,,5.0,0.0,,0.0,0.0,,0.0,,,,7.0,7.0,0.0,0.0,11.0,0.0,0.0,0.0,0.0,0.0,2.0,0.0,0.0,0.0,,,,0.0,0.0,,0.0,0.0,254.0,8.0
axel_disasi_cry,2025-26,0.0,0.0,1.0198,0.03173574,5.0,3.0,1.0,403.0,458.0,,,2.0,2.0,0.0,12.0,8.0,9.0,11.0,43.0,15.0,24.0,17.0,24.00000000112941,23.0,5.0,0.0,0.0,,,25.0,53.99999999568,0.0,,,,5.0,990.0,11.0
cheick_doucoure_cry,2024-25,0.0,0.0,,,7.0,0.0,,0.0,0.0,,0.0,,,,16.0,16.0,0.0,0.0,10.0,0.0,0.0,0.0,0.0,0.0,7.0,0.0,0.0,0.0,,,,0.0,0.0,,0.0,0.0,445.0,13.0
matheus_franca_cry,2024-25,1.0,0.0,,,6.0,0.0,,0.0,0.0,,0.0,,,,2.0,2.0,0.0,0.0,1.0,0.0,0.0,0.0,0.0,0.0,0.0,0.0,0.0,0.0,,,,0.0,0.0,,0.0,0.0,52.0,4.0
evann_guessand_cry,2025-26,1.0,2.0,1.5599,0.92200842,11.0,6.0,5.0,145.0,177.0,,,13.0,38.0,5.0,24.0,13.0,5.0,4.0,9.0,10.0,22.999999999769997,57.0,129.99999998859647,42.0,15.0,0.0,11.0,,,1.0,2.0,0.0,,,,1.0,896.0,19.0
dean_henderson_cry,2025-26,0.0,0.0,,0.12688002,0.0,0.0,1.0,565.0,1012.0,,,1.0,1.0,0.0,0.0,0.0,2.0,0.0,48.0,17.0,19.000000000111765,3.0,5.0,267.0,2.0,0.0,0.0,,,156.0,602.0000000571129,94.0,,,2.6805,11.0,2970.0,33.0
will_hughes_cry,2025-26,0.0,0.0,1.0906,1.68349154,17.0,0.0,19.0,513.0,632.0,,,10.0,15.0,13.0,25.0,14.0,14.0,12.0,26.0,17.0,40.0,55.0,105.00000000190909,61.0,20.0,11.0,40.0,,,22.0,51.00000000231818,0.0,,,,2.0,1427.0,29.0
daichi_kamada_cry,2025-26,0.0,0.0,1.3912,2.37523468,16.0,4.0,17.0,600.0,716.0,,,11.0,22.0,19.0,54.0,33.0,10.0,6.0,22.0,14.0,25.999999998142858,88.0,158.9999999990966,95.0,28.0,9.0,36.0,,,27.0,52.00000000308148,0.0,,,,1.0,1668.0,24.0
jorgen_strand_larsen_cry,2025-26,4.0,1.0,4.7649,0.81002282,38.0,13.0,10.0,280.0,434.0,,,9.0,22.0,12.0,9.0,3.0,4.0,16.0,34.0,71.0,172.9999999904972,36.0,132.00000001319998,35.0,48.0,0.0,3.0,,,5.0,15.000000001499998,0.0,,,,2.0,2083.0,32.0
jefferson_lerma_cry,2025-26,0.0,2.0,1.796,1.23946833,18.0,7.0,13.0,624.0,786.0,,,3.0,7.0,15.0,20.0,13.0,20.0,7.0,51.0,60.0,102.00000000306001,43.0,92.00000000941395,94.0,22.0,4.0,11.0,,,42.0,89.99999999357144,0.0,,,,6.0,1524.0,27.0
jean-philippe_mateta_cry,2024-25,14.0,2.0,,,70.0,5.0,,459.0,551.0,,115.0,,,,18.0,18.0,10.0,3.0,22.0,10.0,29.0,100.0,196.0,62.0,27.0,11.0,38.0,5.0,,,,0.0,0.0,,0.0,4.0,2654.0,37.0
dwight_mcneil_cry,2025-26,0.0,1.0,1.3892,1.9182433,24.0,5.0,15.0,261.0,320.0,,,7.0,13.0,12.0,23.0,17.0,10.0,15.0,13.0,7.0,17.999999999485716,37.0,85.00000000918918,62.0,11.0,10.0,42.0,,,7.0,20.0,0.0,,,,3.0,1179.0,21.0
tyrick_mitchell_cry,2025-26,1.0,2.0,1.1494,2.33286911,14.0,5.0,28.0,731.0,1003.0,,,15.0,42.0,20.0,88.0,55.0,31.0,13.0,88.0,22.0,59.99999999454546,127.0,218.9999999996551,162.0,23.0,20.0,100.0,,,34.0,130.00000001911766,0.0,,,,12.0,2938.0,34.0
eddie_nketiah_cry,2025-26,2.0,0.0,1.77,0.47610932,15.0,6.0,7.0,70.0,87.0,,,5.0,16.0,3.0,8.0,6.0,2.0,7.0,10.0,8.0,29.99999999625,20.0,51.000000005865,17.0,7.0,0.0,1.0,,,1.0,2.0,0.0,,,,0.0,416.0,12.0
yeremy_pino_cry,2025-26,2.0,1.0,4.1335,5.73721997,41.0,11.0,44.0,583.0,779.0,,,17.0,41.0,30.0,34.0,19.0,8.0,19.0,18.0,20.0,56.99999999714999,73.0,184.99999999746578,96.0,29.0,15.0,74.0,,,36.0,69.0000000046,0.0,,,,1.0,1950.0,31.0
chris_richards_cry,2025-26,1.0,0.0,1.7472,1.27873562,11.0,1.0,9.0,1156.0,1373.0,,,4.0,6.0,16.0,51.0,32.0,42.0,25.0,179.0,93.0,171.000000007171,59.0,102.99999999650848,61.0,16.0,4.0,12.0,,,65.0,160.0,0.0,,,,10.0,2617.0,30.0
ismaila_sarr_cry,2025-26,7.0,1.0,9.0906,1.00322534,39.0,16.0,17.0,301.0,417.0,,,10.0,29.0,7.0,18.0,9.0,8.0,11.0,25.0,21.0,77.0000000077,66.0,138.99999999557727,69.0,12.0,3.0,19.0,,,7.0,17.999999999485716,0.0,,,,7.0,1922.0,24.0
takehiro_tomiyasu_cry,2024-25,0.0,0.0,,,1.0,0.0,,0.0,0.0,,0.0,,,,0.0,0.0,0.0,0.0,1.0,0.0,0.0,0.0,0.0,0.0,0.0,0.0,0.0,0.0,,,,0.0,0.0,,0.0,0.0,6.0,1.0
adam_wharton_cry,2025-26,0.0,5.0,1.336,6.665188,26.0,4.0,36.0,870.0,1102.0,,,15.0,28.0,36.0,61.0,34.0,25.0,17.0,39.0,23.0,50.99999999512174,104.0,206.00000001307308,142.0,31.0,24.0,81.0,,,58.0,120.99999999374137,0.0,,,,5.0,2335.0,30.0
jaydee_canvot_cry,2025-26,0.0,0.0,1.1706,0.29519396,5.0,0.0,2.0,559.0,634.0,,,1.0,2.0,14.0,35.0,22.0,8.0,13.0,82.0,28.0,45.00000000160714,40.0,70.9999999987575,43.0,12.0,0.0,4.0,,,33.0,66.0,0.0,,,,4.0,1077.0,17.0
joel_ward_cry,2025-26,0.0,0.0,,0.00432351,0.0,0.0,0.0,8.0,11.0,,,0.0,1.0,0.0,1.0,1.0,0.0,0.0,0.0,0.0,,1.0,3.0000000002999996,2.0,1.0,0.0,0.0,,,0.0,,0.0,,,,0.0,25.0,2.0
romain_esse_cry,2025-26,0.0,0.0,,0.03989478,0.0,0.0,0.0,13.0,20.0,,,1.0,2.0,1.0,2.0,1.0,0.0,0.0,0.0,1.0,4.0,5.0,11.0000000011,2.0,2.0,0.0,2.0,,,1.0,1.0,0.0,,,,0.0,54.0,4.0
james_hill_cry,2025-26,0.0,3.0,0.7951,1.13292688,11.0,2.0,11.0,672.0,877.0,,,2.0,2.0,11.0,37.0,20.0,35.0,15.0,149.0,102.0,154.00000000875687,49.0,73.99999999577143,69.0,11.0,2.0,11.0,,,45.0,151.9999999891911,0.0,,,,5.0,1850.0,26.0
caleb_kporha_cry,2024-25,0.0,0.0,,,0.0,0.0,,0.0,0.0,,0.0,,,,2.0,2.0,0.0,0.0,1.0,0.0,0.0,0.0,0.0,0.0,0.0,0.0,0.0,0.0,,,,0.0,0.0,,0.0,0.0,11.0,2.0
carlos_alcaraz_eve,2025-26,0.0,1.0,1.1118,0.44887429,18.0,5.0,9.0,241.0,296.0,,,6.0,14.0,12.0,13.0,8.0,3.0,9.0,7.0,13.0,28.999999997992308,29.0,66.9999999993069,42.0,9.0,2.0,5.0,,,12.0,17.9999999991,0.0,,,,0.0,711.0,18.0
thierno_barry_eve,2025-26,8.0,0.0,8.1202,0.42230755,37.0,14.0,10.0,202.0,338.0,,,8.0,28.0,10.0,6.0,4.0,5.0,10.0,22.0,119.0,257.99999998742516,22.0,108.00000000196364,32.0,41.0,1.0,4.0,,,1.0,3.0000000002999996,0.0,,,,0.0,1811.0,35.0
christian_norgaard_eve,2025-26,0.0,0.0,0.0823,0.03835556,2.0,1.0,0.0,51.0,61.0,,,0.0,0.0,4.0,3.0,2.0,0.0,1.0,8.0,2.0,5.0,3.0,11.000000001099998,4.0,3.0,0.0,1.0,,,0.0,,0.0,1.0,,,0.0,108.0,7.0
jarrad_branthwaite_eve,2025-26,1.0,0.0,0.3516,0.11597741,6.0,2.0,3.0,294.0,351.0,,,0.0,4.0,3.0,13.0,5.0,11.0,3.0,41.0,30.0,38.00000000050666,14.0,25.999999998142858,29.0,3.0,0.0,3.0,,,21.0,38.99999999721429,0.0,,,,0.0,689.0,10.0
kiernan_dewsbury-hall_eve,2025-26,8.0,4.0,3.846,4.8199747,36.0,14.0,33.0,767.0,931.0,,,24.0,42.0,16.0,49.0,24.0,11.0,13.0,25.0,18.0,40.0,114.0,218.0000000068842,124.0,29.0,16.0,100.0,,,23.0,61.00000000450869,0.0,,,,5.0,2372.0,28.0
james_garner_eve,2025-26,2.0,7.0,1.9303,5.1417308,42.0,12.0,49.0,1410.0,1621.0,,,17.0,32.0,43.0,113.0,66.0,55.0,20.0,82.0,25.0,42.000000002688,165.0,270.00000000490905,171.0,34.0,45.0,184.0,,,55.0,116.99999999638364,0.0,,,,11.0,3144.0,35.0
jack_grealish_eve,2025-26,2.0,6.0,2.1457,3.56887946,26.0,8.0,40.0,482.0,573.0,,,23.0,57.0,10.0,21.0,15.0,12.0,18.0,11.0,4.0,22.999999997125002,102.0,186.99999998441666,87.0,13.0,10.0,39.0,,,18.0,32.0,0.0,,,,5.0,1631.0,20.0
brennan_johnson_eve,2025-26,2.0,1.0,2.4343,1.11351179,23.0,5.0,16.0,226.0,340.0,,,9.0,27.0,13.0,25.0,16.0,4.0,8.0,28.0,14.0,25.999999998142858,45.0,101.99999999727999,49.0,18.0,16.0,59.0,,,9.0,38.9999999948,0.0,,,,2.0,1552.0,31.0
michael_keane_eve,2025-26,3.0,0.0,2.0377,0.24771405,22.0,6.0,1.0,847.0,986.0,,,6.0,10.0,10.0,32.0,22.0,34.0,33.0,185.0,96.0,152.9999999980875,44.0,74.99999999573863,80.0,16.0,0.0,1.0,,,57.0,115.00000000302632,0.0,,,,7.0,2349.0,30.0
tom_king_eve,2024-25,0.0,0.0,,,0.0,0.0,,0.0,0.0,,0.0,,,,0.0,0.0,0.0,0.0,0.0,0.0,0.0,0.0,0.0,0.0,0.0,0.0,0.0,0.0,,,,0.0,0.0,,0.0,0.0,1.0,1.0
vitalii_mykolenko_eve,2024-25,1.0,0.0,,,14.0,4.0,,857.0,1015.0,,84.0,,,,63.0,63.0,27.0,9.0,135.0,19.0,32.0,56.0,110.0,107.0,22.0,8.0,29.0,3.0,,,,0.0,0.0,,0.0,10.0,3084.0,35.0
jake_o'brien_eve,2025-26,1.0,1.0,1.1728,0.95438208,11.0,5.0,15.0,748.0,1012.0,,,6.0,20.0,7.0,54.0,30.0,14.0,19.0,138.0,108.0,160.0,74.0,133.99999999275676,106.0,19.0,13.0,45.0,,,39.0,125.0,0.0,,,,9.0,2891.0,34.0
jordan_pickford_eve,2025-26,0.0,0.0,,0.1987899,0.0,0.0,2.0,817.0,1312.0,,,0.0,0.0,1.0,2.0,1.0,0.0,0.0,44.0,4.0,5.9999999997,8.0,10.0,285.0,1.0,0.0,0.0,,,338.0,828.9999999038556,93.0,,,3.3074,11.0,3150.0,35.0
merlin_rohl_eve,2025-26,0.0,0.0,0.6886,0.18270574,8.0,0.0,5.0,88.0,120.0,,,3.0,10.0,6.0,19.0,9.0,2.0,5.0,6.0,13.0,27.999999999138463,25.0,60.99999999609601,24.0,11.0,2.0,4.0,,,1.0,4.0,0.0,,,,2.0,464.0,13.0
james_tarkowski_eve,2025-26,1.0,2.0,2.429,1.49100065,16.0,8.0,17.0,1169.0,1447.0,,,4.0,7.0,13.0,43.0,26.0,28.0,52.0,224.0,137.0,194.9999999900365,78.0,118.99999999527051,80.0,27.0,2.0,7.0,,,94.0,229.00000002509256,0.0,,,,11.0,3060.0,34.0
mark_travers_eve,2024-25,0.0,0.0,,,0.0,0.0,,0.0,0.0,,0.0,,,,0.0,0.0,0.0,0.0,9.0,0.0,0.0,0.0,0.0,0.0,0.0,0.0,0.0,0.0,,,,20.0,0.0,,0.0,1.0,450.0,5.0
harrison_armstrong_eve,2025-26,0.0,0.0,0.7874,0.20377204,5.0,2.0,4.0,145.0,184.0,,,1.0,7.0,3.0,13.0,10.0,4.0,2.0,8.0,6.0,13.000000001083334,28.0,49.99999999999999,25.0,6.0,0.0,1.0,,,5.0,8.0,0.0,,,,1.0,509.0,12.0
tyrique_george_eve,2025-26,0.0,0.0,0.5968,0.70551088,9.0,4.0,1.0,74.0,92.0,,,4.0,10.0,1.0,6.0,4.0,1.0,1.0,0.0,1.0,3.0000000002999996,11.0,33.99999999629091,12.0,8.0,3.0,7.0,,,0.0,,0.0,,,,0.0,315.0,12.0
joachim_andersen_ful,2025-26,0.0,1.0,1.4316,1.81653392,15.0,4.0,7.0,1939.0,2253.0,,,6.0,7.0,16.0,45.0,27.0,35.0,22.0,229.0,78.0,108.99999999622692,62.0,112.99999999416772,112.0,31.0,4.0,15.0,,,164.0,357.99999996812926,0.0,,,,8.0,2832.0,32.0
calvin_bassey_ful,2025-26,1.0,0.0,1.7156,0.34278863,13.0,2.0,7.0,1342.0,1526.0,,,9.0,19.0,7.0,56.0,30.0,19.0,27.0,93.0,37.0,68.99999999459189,98.0,156.0000000012735,103.0,27.0,3.0,11.0,,,47.0,133.0000000175447,0.0,,,,6.0,2274.0,27.0
sander_berge_ful,2025-26,0.0,1.0,1.3724,1.45760782,13.0,3.0,18.0,1470.0,1635.0,,,8.0,20.0,11.0,55.0,39.0,24.0,23.0,49.0,47.0,76.00000000388084,77.0,150.00000000974026,126.0,32.0,3.0,12.0,,,52.0,81.99999999526923,0.0,,,,4.0,2776.0,33.0
oscar_bobb_ful,2025-26,0.0,1.0,1.2206,1.59446657,10.0,3.0,17.0,288.0,336.0,,,24.0,38.0,7.0,18.0,10.0,7.0,3.0,3.0,6.0,13.000000001083334,56.0,103.99999999257143,36.0,9.0,4.0,9.0,,,2.0,6.000000000599999,0.0,,,,1.0,871.0,20.0
tom_cairney_ful_2,2025-26,1.0,0.0,0.9715,0.61589747,13.0,1.0,7.0,527.0,569.0,,,3.0,7.0,7.0,6.0,3.0,2.0,7.0,5.0,9.0,12.0,18.0,41.9999999972,38.0,9.0,2.0,6.0,,,21.0,29.00000000138095,0.0,,,,0.0,699.0,22.0
timothy_castagne_ful,2025-26,0.0,0.0,1.2785,0.94805238,12.0,6.0,14.0,570.0,668.0,,,1.0,4.0,5.0,30.0,19.0,28.0,14.0,60.0,26.0,56.99999999715,37.0,63.00000000017027,48.0,17.0,12.0,40.0,,,30.0,53.00000000459333,0.0,,,,2.0,1609.0,27.0
jorge_cuenca_ful,2025-26,0.0,0.0,0.0501,0.55975008,1.0,0.0,3.0,551.0,624.0,,,2.0,5.0,4.0,16.0,9.0,15.0,9.0,74.0,17.0,30.999999998541178,19.0,34.99999999723684,40.0,9.0,1.0,2.0,,,26.0,73.99999998975385,0.0,,,,2.0,952.0,14.0
alex_iwobi_ful,2025-26,4.0,3.0,1.4247,4.4114727,31.0,12.0,41.0,1130.0,1326.0,,,15.0,40.0,9.0,26.0,18.0,13.0,16.0,18.0,7.0,14.999999998928573,50.0,112.00000000716801,116.0,7.0,29.0,85.0,,,67.0,106.9999999998403,0.0,,,,1.0,2277.0,27.0
bernd_leno_ful,2025-26,0.0,0.0,,0.0256376,0.0,0.0,0.0,987.0,1289.0,,,0.0,0.0,0.0,4.0,1.0,1.0,0.0,44.0,21.0,22.00000000104762,7.0,7.0,289.0,0.0,0.0,0.0,,,152.0,451.00000004509997,91.0,,,-5.4142,8.0,3150.0,35.0
rodrigo_muniz_ful,2025-26,1.0,1.0,2.3203,0.13019874,25.0,4.0,8.0,43.0,101.0,,,4.0,11.0,4.0,7.0,3.0,2.0,11.0,22.0,62.0,118.99999999117097,22.0,51.00000000231818,14.0,12.0,0.0,2.0,,,2.0,7.000000000350001,0.0,,,,0.0,768.0,18.0
harrison_reed_ful,2025-26,1.0,0.0,0.1259,0.46475392,2.0,1.0,3.0,40.0,43.0,,,0.0,0.0,3.0,0.0,0.0,0.0,1.0,1.0,1.0,3.0000000002999996,1.0,5.999999998799999,5.0,2.0,3.0,4.0,,,3.0,4.0,0.0,,,,0.0,126.0,7.0
antonee_robinson_ful,2025-26,0.0,0.0,0.2328,1.34201846,3.0,0.0,19.0,507.0,643.0,,,9.0,18.0,16.0,40.0,23.0,21.0,5.0,45.0,12.0,20.0,55.0,96.99999999629635,78.0,12.0,14.0,67.0,,,28.0,66.0000000066,0.0,,,,3.0,1222.0,19.0
ryan_sessegnon_ful,2025-26,3.0,1.0,1.6074,1.81110763,16.0,4.0,14.0,519.0,679.0,,,9.0,25.0,12.0,48.0,29.0,25.0,14.0,64.0,19.0,45.000000002368424,60.0,135.99999999637333,74.0,33.0,6.0,56.0,,,21.0,58.0000000027619,0.0,,,,3.0,1822.0,27.0
emile_smith_rowe_ful,2025-26,3.0,0.0,4.5779,1.07899983,33.0,9.0,18.0,765.0,838.0,,,13.0,28.0,6.0,29.0,16.0,22.0,11.0,16.0,6.0,18.99999999905,54.0,109.00000000807407,63.0,8.0,1.0,11.0,,,7.0,12.000000000685713,0.0,,,,0.0,1747.0,34.0
kenny_tete_ful,2025-26,1.0,0.0,0.9581,1.42077464,16.0,3.0,11.0,748.0,886.0,,,8.0,22.0,13.0,65.0,38.0,27.0,12.0,68.0,27.0,45.0,104.0,172.99999998968653,82.0,27.0,13.0,34.0,,,36.0,77.00000000534722,0.0,,,,5.0,1802.0,22.0
josh_king_ful,2025-26,1.0,2.0,2.3101,0.5909969,24.0,10.0,13.0,250.0,315.0,,,16.0,35.0,7.0,25.0,13.0,3.0,9.0,13.0,3.0,20.9999999937,68.0,119.99999999294118,55.0,11.0,0.0,11.0,,,3.0,6.999999999533333,0.0,,,,0.0,1255.0,29.0
jonah_kusi-asare_ful,2025-26,0.0,0.0,,0.01125109,0.0,0.0,1.0,10.0,15.0,,,0.0,0.0,2.0,0.0,0.0,0.0,0.0,0.0,1.0,6.999999997900001,1.0,5.999999998799999,4.0,4.0,0.0,0.0,,,0.0,,0.0,,,,0.0,66.0,6.0
matt_targett_hul,2024-25,0.0,0.0,,,0.0,0.0,,0.0,0.0,,0.0,,,,0.0,0.0,0.0,0.0,0.0,0.0,0.0,0.0,0.0,0.0,0.0,0.0,0.0,0.0,,,,0.0,0.0,,0.0,0.0,20.0,2.0
jack_clarke_ips,2024-25,0.0,4.0,,,17.0,7.0,,376.0,513.0,,131.0,,,,32.0,32.0,10.0,2.0,23.0,4.0,32.0,84.0,212.0,73.0,15.0,16.0,89.0,4.0,,,,0.0,0.0,,0.0,0.0,1170.0,32.0
leif_davis_ips,2024-25,1.0,2.0,,,16.0,1.0,,700.0,757.0,,111.0,,,,46.0,46.0,18.0,3.0,71.0,16.0,32.0,33.0,54.0,46.0,27.0,1.0,1.0,2.0,,,,0.0,0.0,,0.0,2.0,2746.0,33.0
issa_diop_ips,2025-26,0.0,0.0,0.0194,0.03717088,1.0,0.0,0.0,293.0,336.0,,,1.0,1.0,3.0,6.0,4.0,4.0,5.0,33.0,14.0,20.0,10.0,18.99999999905,14.0,7.0,0.0,1.0,,,12.0,36.00000000359999,0.0,,,,0.0,606.0,10.0
julio_enciso_ips,2024-25,2.0,3.0,,,52.0,9.0,,591.0,700.0,,366.0,,,,12.0,12.0,4.0,1.0,7.0,0.0,13.0,171.0,304.0,63.0,12.0,11.0,59.0,8.0,,,,0.0,0.0,,0.0,0.0,1164.0,25.0
abdul_fatawu_ips,2024-25,0.0,2.0,,,13.0,0.0,,0.0,0.0,,0.0,,,,21.0,21.0,0.0,0.0,12.0,0.0,0.0,0.0,0.0,0.0,11.0,0.0,0.0,0.0,,,,0.0,0.0,,0.0,0.0,577.0,11.0
zian_flemming_ips,2025-26,9.0,0.0,6.7867,0.37050083,46.0,19.0,9.0,157.0,239.0,,,4.0,11.0,5.0,11.0,6.0,7.0,17.0,32.0,58.0,132.9999999889931,39.0,106.0000000005436,30.0,41.0,1.0,6.0,,,9.0,16.0,0.0,,,,0.0,1554.0,26.0
jacob_greaves_ips,2024-25,1.0,0.0,,,10.0,15.0,,637.0,844.0,,172.0,,,,40.0,40.0,13.0,0.0,144.0,5.0,21.0,78.0,181.0,98.0,16.0,22.0,119.0,5.0,,,,0.0,0.0,,0.0,2.0,2205.0,25.0
sasa_lukic_ips,2025-26,1.0,2.0,2.2181,1.70428426,16.0,5.0,26.0,526.0,620.0,,,5.0,10.0,8.0,43.0,24.0,15.0,12.0,32.0,22.0,53.00000000289091,69.0,138.0,65.0,49.0,17.0,57.0,,,8.0,16.0,0.0,,,,4.0,1554.0,24.0
kasey_mcateer_ips,2024-25,1.0,1.0,,,13.0,0.0,,0.0,0.0,,0.0,,,,23.0,23.0,0.0,0.0,13.0,0.0,0.0,0.0,0.0,0.0,18.0,0.0,0.0,0.0,,,,0.0,0.0,,0.0,0.0,852.0,18.0
florentino_luis_ips,2025-26,0.0,2.0,0.5968,0.49363704,10.0,1.0,10.0,796.0,932.0,,,7.0,21.0,34.0,82.0,43.0,34.0,14.0,49.0,22.0,46.99999999829091,97.0,197.00000000081235,97.0,38.0,1.0,9.0,,,38.0,59.00000000093158,0.0,,,,1.0,1863.0,28.0
dara_o'shea_ips,2024-25,0.0,0.0,,,22.0,13.0,,160.0,224.0,,41.0,,,,49.0,49.0,4.0,0.0,218.0,20.0,54.0,43.0,113.0,41.0,21.0,1.0,3.0,1.0,,,,0.0,0.0,,0.0,2.0,3123.0,35.0
alex_palmer_ips,2024-25,0.0,0.0,,,0.0,0.0,,0.0,0.0,,0.0,,,,0.0,0.0,0.0,0.0,21.0,0.0,0.0,0.0,0.0,0.0,1.0,0.0,0.0,0.0,,,,45.0,30.0,,-2.2,0.0,1170.0,13.0
jack_taylor_ips,2024-25,1.0,0.0,,,19.0,0.0,,0.0,0.0,,0.0,,,,20.0,20.0,0.0,0.0,21.0,0.0,0.0,0.0,0.0,0.0,16.0,0.0,0.0,0.0,,,,0.0,0.0,,0.0,0.0,838.0,32.0
christian_walton_ips,2024-25,0.0,0.0,,,0.0,0.0,,0.0,0.0,,0.0,,,,0.0,0.0,0.0,0.0,4.0,0.0,0.0,0.0,0.0,0.0,0.0,0.0,0.0,0.0,,,,20.0,0.0,,0.0,1.0,630.0,7.0
jack_taylor_ips_2,2024-25,1.0,0.0,,,19.0,0.0,,0.0,0.0,,0.0,,,,20.0,20.0,0.0,0.0,21.0,0.0,0.0,0.0,0.0,0.0,16.0,0.0,0.0,0.0,,,,0.0,0.0,,0.0,0.0,838.0,32.0
brenden_aaronson_lee,2025-26,4.0,5.0,4.2666,3.16525042,43.0,16.0,31.0,500.0,621.0,,,27.0,75.0,38.0,47.0,22.0,15.0,19.0,16.0,23.0,69.0000000069,122.0,290.99999996827626,123.0,19.0,9.0,35.0,,,7.0,22.999999999014285,0.0,,,,1.0,2261.0,34.0
ethan_ampadu_lee,2025-26,1.0,1.0,2.4957,2.18027468,26.0,6.0,19.0,1348.0,1580.0,,,10.0,15.0,15.0,75.0,43.0,47.0,27.0,76.0,52.0,80.0,116.0,187.00000000451382,167.0,45.0,9.0,25.0,,,77.0,145.9999999927948,0.0,,,,5.0,2853.0,32.0
jaka_bijol_lee,2025-26,1.0,2.0,0.8808,0.67100532,15.0,6.0,6.0,772.0,908.0,,,2.0,2.0,6.0,25.0,14.0,24.0,13.0,127.0,59.0,113.00000000114915,37.0,57.00000000154055,60.0,15.0,0.0,1.0,,,56.0,115.00000000924106,0.0,,,,4.0,1663.0,22.0
jayden_bogle_lee,2025-26,1.0,2.0,2.0788,2.93514435,17.0,4.0,20.0,658.0,861.0,,,17.0,55.0,24.0,62.0,40.0,33.0,12.0,70.0,24.0,52.99999999757084,107.0,240.0000000179439,132.0,38.0,15.0,64.0,,,30.0,86.00000000057334,0.0,,,,4.0,2731.0,33.0
dominic_calvert-lewin_lee,2025-26,12.0,1.0,14.4444,1.04117812,69.0,31.0,17.0,239.0,406.0,,,6.0,28.0,4.0,10.0,4.0,2.0,16.0,33.0,118.0,295.0,53.0,142.0000000075019,41.0,43.0,1.0,9.0,,,4.0,8.0,0.0,,,,3.0,2477.0,32.0
ilia_gruev_lee,2025-26,0.0,3.0,0.4662,0.88321918,7.0,1.0,11.0,523.0,584.0,,,6.0,7.0,19.0,24.0,12.0,15.0,7.0,19.0,14.0,33.999999998542854,38.0,79.00000000457368,51.0,16.0,4.0,15.0,,,19.0,27.999999998821053,0.0,,,,2.0,1334.0,23.0
gabriel_gudmundsson_lee,2025-26,0.0,0.0,1.1039,2.74930902,18.0,3.0,21.0,730.0,957.0,,,39.0,74.0,30.0,65.0,44.0,27.0,12.0,83.0,18.0,50.0,160.0,282.00000001233747,112.0,31.0,24.0,91.0,,,30.0,105.00000000525002,0.0,,,,3.0,2642.0,32.0
daniel_james_lee,2025-26,0.0,0.0,0.7562,0.59946703,11.0,3.0,8.0,61.0,95.0,,,5.0,13.0,4.0,5.0,4.0,1.0,5.0,2.0,2.0,5.0,17.0,32.0,18.0,1.0,5.0,42.0,,,1.0,4.0,0.0,,,,0.0,423.0,16.0
james_justin_lee,2025-26,2.0,1.0,1.4709,1.09681406,21.0,6.0,10.0,475.0,617.0,,,2.0,13.0,10.0,45.0,29.0,25.0,16.0,79.0,36.0,65.99999999449999,69.0,109.99999999521738,62.0,11.0,6.0,33.0,,,30.0,73.00000000170333,0.0,,,,5.0,1646.0,26.0
sean_longstaff_lee,2025-26,2.0,2.0,1.0023,1.76128021,14.0,3.0,25.0,368.0,431.0,,,2.0,7.0,22.0,37.0,22.0,12.0,9.0,10.0,9.0,19.000000001055554,56.0,105.9999999984857,40.0,13.0,25.0,52.0,,,15.0,32.0,0.0,,,,1.0,1003.0,21.0
lukas_nmecha_lee,2025-26,6.0,1.0,6.7659,0.98932704,28.0,15.0,7.0,114.0,179.0,,,3.0,9.0,3.0,8.0,5.0,3.0,6.0,8.0,27.0,72.0,23.0,60.00000000521739,23.0,16.0,0.0,8.0,,,5.0,6.00000000024,0.0,,,,0.0,945.0,28.0
noah_okafor_lee,2025-26,8.0,1.0,5.2633,1.32151281,35.0,15.0,20.0,253.0,332.0,,,39.0,92.0,13.0,23.0,15.0,12.0,11.0,16.0,12.0,32.0,76.0,190.0,61.0,18.0,7.0,37.0,,,22.0,28.000000000509093,0.0,,,,0.0,1573.0,28.0
joe_rodon_lee,2025-26,2.0,0.0,1.3522,0.49605007,17.0,6.0,6.0,1209.0,1378.0,,,1.0,1.0,8.0,33.0,18.0,27.0,23.0,171.0,82.0,157.00000000919025,50.0,74.99999999625,76.0,14.0,2.0,5.0,,,37.0,90.99999999852433,0.0,,,,5.0,2683.0,32.0
anton_stach_lee,2025-26,5.0,3.0,2.8295,4.39610707,53.0,14.0,61.0,695.0,891.0,,,19.0,40.0,21.0,59.0,33.0,20.0,33.0,49.0,44.0,69.99999999681818,98.0,196.0,113.0,32.0,42.0,141.0,,,40.0,74.00000000555,0.0,,,,5.0,2214.0,27.0
ao_tanaka_lee,2025-26,2.0,0.0,1.5738,1.40369678,16.0,5.0,18.0,496.0,576.0,,,2.0,7.0,17.0,20.0,9.0,17.0,4.0,11.0,10.0,22.0000000022,30.0,67.99999999818667,62.0,13.0,13.0,32.0,,,18.0,34.99999999902778,0.0,,,,1.0,1099.0,25.0
james_trafford_lee,2025-26,0.0,0.0,,0.00102173,0.0,0.0,0.0,87.0,118.0,,,1.0,1.0,0.0,2.0,1.0,0.0,0.0,6.0,1.0,1.0,4.0,4.0,35.0,0.0,0.0,0.0,,,13.0,41.0000000041,14.0,6.0,,2.5347,1.0,360.0,4.0
harry_wilson_lee,2025-26,10.0,6.0,5.6633,4.59989093,73.0,24.0,36.0,591.0,730.0,,,17.0,32.0,24.0,28.0,18.0,15.0,29.0,47.0,5.0,25.0,79.0,151.0000000135709,78.0,13.0,31.0,111.0,,,37.0,63.00000000017027,0.0,,,,4.0,2600.0,33.0
alisson_liv,2024-25,0.0,0.0,,,0.0,0.0,,0.0,0.0,,0.0,,,,1.0,1.0,0.0,0.0,31.0,0.0,0.0,0.0,0.0,0.0,0.0,0.0,0.0,0.0,,,,78.0,29.0,,4.0,9.0,2509.0,28.0
conor_bradley_liv,2025-26,0.0,1.0,0.241,0.93808918,6.0,0.0,4.0,413.0,492.0,,,7.0,22.0,15.0,19.0,15.0,13.0,8.0,29.0,15.0,31.00000000268667,46.0,104.9999999988587,43.0,18.0,4.0,24.0,,,10.0,40.0,0.0,,,,2.0,932.0,15.0
federico_chiesa_liv_2,2025-26,2.0,1.0,1.4086,0.60598308,16.0,4.0,3.0,76.0,106.0,,,2.0,11.0,4.0,8.0,6.0,4.0,8.0,7.0,3.0,8.0,15.0,40.0,8.0,9.0,0.0,15.0,,,1.0,4.0,0.0,,,,0.0,363.0,24.0
hugo_ekitike_liv,2025-26,11.0,4.0,9.87,2.67287125,65.0,19.0,21.0,307.0,400.0,,,38.0,72.0,3.0,11.0,7.0,3.0,19.0,27.0,31.0,81.99999999735483,61.0,157.0000000190459,42.0,35.0,1.0,8.0,,,3.0,5.0,0.0,,,,2.0,1810.0,28.0
wataru_endo_liv,2025-26,0.0,1.0,0.0386,0.05474669,1.0,0.0,1.0,80.0,94.0,,,0.0,1.0,2.0,7.0,3.0,0.0,1.0,13.0,8.0,11.9999999994,10.0,16.0,3.0,2.0,0.0,3.0,,,5.0,6.00000000024,0.0,,,,0.0,206.0,8.0
jeremie_frimpong_liv,2025-26,0.0,1.0,0.4647,1.45570667,9.0,1.0,14.0,342.0,403.0,,,18.0,30.0,9.0,10.0,10.0,6.0,4.0,13.0,7.0,16.0,45.0,87.00000000173999,47.0,8.0,9.0,47.0,,,7.0,22.999999999014285,0.0,,,,1.0,962.0,19.0
cody_gakpo_liv,2025-26,7.0,5.0,7.7148,4.63855578,83.0,21.0,50.0,562.0,715.0,,,34.0,67.0,12.0,27.0,14.0,12.0,35.0,19.0,54.0,100.0,103.0,213.00000000765144,82.0,41.0,11.0,87.0,,,14.0,24.999999999999996,0.0,,,,6.0,2513.0,33.0
joe_gomez_liv,2025-26,0.0,2.0,0.2268,0.63296637,3.0,1.0,6.0,217.0,273.0,,,3.0,5.0,4.0,9.0,7.0,9.0,1.0,23.0,10.0,20.999999999579998,12.0,33.99999999716667,18.0,10.0,2.0,15.0,,,10.0,22.0000000022,0.0,,,,1.0,553.0,18.0
ryan_gravenberch_liv,2025-26,4.0,3.0,1.7249,2.11982189,34.0,10.0,25.0,1569.0,1759.0,,,28.0,49.0,16.0,53.0,32.0,45.0,25.0,51.0,26.0,46.00000000035384,120.0,212.00000001837333,122.0,34.0,0.0,6.0,,,22.0,69.00000000219545,0.0,,,,9.0,2757.0,33.0
alexander_isak_liv,2025-26,3.0,1.0,2.6518,0.09677609,17.0,6.0,2.0,54.0,84.0,,,1.0,9.0,2.0,6.0,5.0,0.0,3.0,9.0,8.0,26.999999999662503,8.0,28.999999996375003,12.0,5.0,0.0,2.0,,,3.0,5.0,0.0,,,,0.0,691.0,13.0
vitezslav_jaros_liv,2024-25,0.0,0.0,,,0.0,0.0,,0.0,0.0,,0.0,,,,0.0,0.0,0.0,0.0,1.0,0.0,0.0,0.0,0.0,0.0,0.0,0.0,0.0,0.0,,,,1.0,0.0,,0.0,0.0,11.0,1.0
milos_kerkez_liv,2025-26,2.0,1.0,1.5586,0.67724089,8.0,2.0,25.0,845.0,991.0,,,11.0,20.0,10.0,41.0,26.0,13.0,9.0,67.0,32.0,64.0,73.0,114.99999999921232,78.0,20.0,14.0,76.0,,,25.0,74.000000008288,0.0,,,,3.0,2103.0,31.0
alexis_mac_allister_liv,2025-26,2.0,4.0,3.4077,1.54695822,46.0,11.0,31.0,1126.0,1301.0,,,10.0,25.0,35.0,47.0,22.0,20.0,26.0,33.0,15.0,33.99999999909333,88.0,190.00000001511364,102.0,28.0,9.0,19.0,,,43.0,86.99999999352559,0.0,,,,6.0,2405.0,34.0
giorgi_mamardashvili_liv,2025-26,0.0,0.0,,0.01036234,0.0,0.0,0.0,172.0,245.0,,,0.0,0.0,0.0,0.0,0.0,0.0,0.0,9.0,2.0,2.99999999985,2.0,2.99999999985,59.0,1.0,0.0,0.0,,,31.0,102.0000000092129,27.0,,,-1.1724,2.0,688.0,8.0
dominik_szoboszlai_liv,2025-26,6.0,5.0,4.2529,5.8217762,65.0,20.0,65.0,1803.0,2055.0,,,25.0,46.0,35.0,52.0,32.0,28.0,31.0,57.0,18.0,38.00000000211111,106.0,221.00000002293396,179.0,35.0,58.0,178.0,,,122.0,199.00000001076558,0.0,,,,8.0,2963.0,33.0
virgil_van_dijk_liv,2025-26,4.0,0.0,3.0335,1.15244618,25.0,12.0,11.0,2298.0,2574.0,,,2.0,2.0,1.0,22.0,13.0,22.0,27.0,263.0,159.0,214.00000000161506,39.0,54.00000000166153,80.0,17.0,0.0,1.0,,,131.0,274.9999999790076,0.0,,,,10.0,3150.0,35.0
florian_wirtz_liv,2025-26,5.0,3.0,6.3045,5.13782327,48.0,17.0,61.0,1181.0,1397.0,,,38.0,70.0,17.0,32.0,25.0,10.0,20.0,13.0,6.0,43.99999998826666,89.0,192.9999999887236,110.0,21.0,5.0,32.0,,,40.0,69.00000000327749,0.0,,,,2.0,2347.0,31.0
freddie_woodman_liv,2025-26,0.0,0.0,,0.00340907,0.0,0.0,0.0,45.0,79.0,,,0.0,0.0,0.0,0.0,0.0,1.0,0.0,3.0,0.0,,0.0,,22.0,0.0,0.0,0.0,,,15.0,48.99999999673333,9.0,,,-0.2461,0.0,212.0,3.0
jayden_danns_liv,2024-25,0.0,0.0,,,0.0,0.0,,0.0,0.0,,0.0,,,,0.0,0.0,0.0,0.0,0.0,0.0,0.0,0.0,0.0,0.0,0.0,0.0,0.0,0.0,,,,0.0,0.0,,0.0,0.0,10.0,1.0
rio_ngumoha_liv,2025-26,2.0,0.0,1.073,1.79054645,11.0,6.0,12.0,125.0,147.0,,,23.0,32.0,2.0,2.0,1.0,2.0,3.0,2.0,0.0,,31.0,50.999999996216125,12.0,3.0,5.0,14.0,,,2.0,5.0,0.0,,,,0.0,352.0,16.0
trey_nyoni_liv,2025-26,0.0,0.0,0.3697,0.01412509,1.0,0.0,1.0,11.0,12.0,,,0.0,1.0,0.0,0.0,0.0,0.0,0.0,0.0,0.0,,0.0,,2.0,0.0,0.0,0.0,,,0.0,,0.0,,,,0.0,29.0,5.0
rayan_ait-nouri_mci,2025-26,0.0,2.0,0.5946,2.02280583,10.0,2.0,12.0,533.0,590.0,,,22.0,42.0,6.0,35.0,22.0,13.0,3.0,18.0,14.0,22.999999999014285,67.0,120.99999999223434,49.0,17.0,6.0,22.0,,,7.0,20.0,0.0,8.0,,,4.0,976.0,17.0
elliot_anderson_mci,2025-26,3.0,2.0,2.7591,3.68326347,40.0,9.0,50.0,1866.0,2186.0,,,46.0,84.0,39.0,97.0,60.0,36.0,32.0,45.0,65.0,110.00000000169231,214.0,398.0000000081832,283.0,52.0,45.0,168.0,,,115.0,205.99999999426782,0.0,,,,7.0,3089.0,35.0
rayan_cherki_mci,2025-26,4.0,12.0,4.1322,8.65170311,55.0,13.0,61.0,1104.0,1277.0,,,51.0,106.0,19.0,26.0,18.0,7.0,24.0,7.0,1.0,8.0,111.0,235.99999997533695,91.0,17.0,24.0,80.0,,,31.0,64.0,0.0,18.0,,,3.0,1794.0,33.0
jeremy_doku_mci,2025-26,5.0,5.0,2.7456,6.1822587,39.0,15.0,60.0,640.0,772.0,,,84.0,148.0,10.0,23.0,15.0,13.0,15.0,2.0,4.0,12.000000001199998,167.0,311.9999999745916,88.0,23.0,16.0,59.0,,,14.0,21.999999998742855,0.0,18.0,,,2.0,1784.0,30.0
gianluigi_donnarumma_mci,2025-26,0.0,0.0,,0.14837815,0.0,0.0,1.0,706.0,879.0,,,2.0,2.0,1.0,0.0,0.0,1.0,0.0,43.0,16.0,16.9999999997875,6.0,7.000000000350001,235.0,0.0,0.0,0.0,,,128.0,294.99999998962886,78.0,29.0,,5.8063,15.0,3060.0,34.0
ruben_dias_mci,2025-26,2.0,0.0,0.5644,0.63787195,10.0,4.0,7.0,1629.0,1752.0,,,3.0,6.0,2.0,13.0,6.0,23.0,20.0,117.0,58.0,88.99999999432242,24.0,46.99999999745416,73.0,15.0,3.0,9.0,,,53.0,102.00000000731322,0.0,22.0,,,11.0,2149.0,26.0
enzo_fernandez_mci,2025-26,8.0,3.0,10.9352,6.6878122,68.0,28.0,65.0,1635.0,1890.0,,,11.0,43.0,32.0,51.0,21.0,20.0,21.0,27.0,23.0,47.999999996660875,102.0,233.00000002307158,127.0,30.0,16.0,83.0,,,89.0,142.99999999485843,0.0,,,,5.0,2851.0,33.0
josko_gvardiol_mci,2025-26,2.0,2.0,2.3961,0.71457106,17.0,6.0,6.0,936.0,1047.0,,,2.0,6.0,1.0,18.0,13.0,15.0,14.0,61.0,29.0,53.000000002010346,27.0,51.00000000056666,50.0,16.0,1.0,2.0,,,38.0,77.99999999671579,0.0,13.0,,,5.0,1374.0,18.0
erling_haaland_mci,2025-26,27.0,8.0,25.4326,2.85330581,126.0,59.0,25.0,252.0,384.0,,,17.0,32.0,6.0,15.0,9.0,5.0,25.0,42.0,73.0,117.99999999935342,57.0,123.00000001229999,41.0,24.0,1.0,3.0,,,4.0,14.000000000700002,0.0,32.0,,,9.0,2958.0,35.0
abdukodir_khusanov_mci,2025-26,0.0,0.0,0.6793,0.56822332,7.0,1.0,6.0,991.0,1080.0,,,7.0,9.0,3.0,27.0,20.0,33.0,9.0,56.0,15.0,30.0,40.0,61.00000000167749,75.0,14.0,1.0,3.0,,,41.0,78.99999999576099,0.0,13.0,,,5.0,1429.0,21.0
mateo_kovacic_mci,2025-26,0.0,1.0,0.1619,0.43609717,2.0,0.0,4.0,135.0,148.0,,,2.0,3.0,0.0,2.0,1.0,2.0,1.0,4.0,0.0,,6.0,12.0,10.0,0.0,0.0,0.0,,,3.0,6.0,0.0,3.0,,,0.0,134.0,6.0
rico_lewis_mci,2025-26,0.0,1.0,0.1876,1.39026496,3.0,0.0,7.0,241.0,285.0,,,2.0,4.0,4.0,5.0,3.0,7.0,2.0,6.0,1.0,2.0,16.0,35.00000000328125,15.0,5.0,0.0,2.0,,,9.0,16.0,0.0,7.0,,,0.0,423.0,11.0
iliman_ndiaye_mci,2025-26,6.0,3.0,6.2274,4.29350461,38.0,21.0,28.0,727.0,866.0,,,62.0,118.0,26.0,66.0,41.0,15.0,12.0,17.0,10.0,41.000000004099995,164.0,331.0000000304762,168.0,28.0,7.0,50.0,,,6.0,18.99999999905,0.0,,,,5.0,2516.0,29.0
matheus_nunes_mci,2025-26,1.0,5.0,0.3479,2.24010712,7.0,2.0,28.0,1922.0,2157.0,,,28.0,57.0,21.0,57.0,40.0,30.0,9.0,100.0,42.0,68.99999999704286,115.0,198.00000000275477,169.0,17.0,16.0,66.0,,,61.0,118.00000000967212,0.0,28.0,,,12.0,2865.0,34.0
antoine_semenyo_mci,2025-26,17.0,4.0,11.0931,3.1198385,83.0,41.0,39.0,749.0,936.0,,,59.0,133.0,20.0,45.0,32.0,13.0,21.0,29.0,59.0,119.99999999186441,125.0,334.99999996248,143.0,56.0,8.0,49.0,,,26.0,52.0,0.0,52.0,,,11.0,3200.0,37.0
max_alleyne_mci,2025-26,0.0,0.0,0.259,0.0644063,2.0,1.0,1.0,120.0,128.0,,,3.0,4.0,0.0,3.0,3.0,4.0,0.0,4.0,3.0,3.0,6.0,8.0,4.0,0.0,0.0,0.0,,,8.0,10.0,0.0,1.0,,,0.0,135.0,2.0
vitor_reis_mci,2024-25,0.0,0.0,,,0.0,0.0,,0.0,0.0,,0.0,,,,0.0,0.0,0.0,0.0,1.0,0.0,0.0,0.0,0.0,0.0,0.0,0.0,0.0,0.0,,,,0.0,0.0,,0.0,0.0,1.0,1.0
claudio_echeverri_mci,2024-25,0.0,0.0,,,0.0,0.0,,0.0,0.0,,0.0,,,,1.0,1.0,0.0,0.0,0.0,0.0,0.0,0.0,0.0,0.0,0.0,0.0,0.0,0.0,,,,0.0,0.0,,0.0,0.0,5.0,1.0
jeremy_monga_mci,2024-25,0.0,0.0,,,3.0,0.0,,0.0,0.0,,0.0,,,,2.0,2.0,0.0,0.0,1.0,0.0,0.0,0.0,0.0,0.0,0.0,0.0,0.0,0.0,,,,0.0,0.0,,0.0,0.0,105.0,7.0
divine_mukasa_mci,2025-26,0.0,0.0,,0.20618365,0.0,0.0,2.0,18.0,19.0,,,0.0,0.0,1.0,0.0,0.0,0.0,0.0,0.0,0.0,,0.0,,1.0,1.0,0.0,0.0,,,0.0,,0.0,0.0,,,0.0,25.0,2.0
nico_o'reilly_mci,2025-26,5.0,3.0,6.0288,2.68562551,41.0,15.0,23.0,1167.0,1354.0,,,24.0,59.0,22.0,68.0,36.0,20.0,25.0,72.0,51.0,96.99999999562549,110.0,246.00000002459998,109.0,45.0,9.0,38.0,,,17.0,54.00000000254118,0.0,25.0,,,10.0,2648.0,34.0
bruno_fernandes_mun,2025-26,9.0,21.0,10.8348,12.3178245,85.0,24.0,137.0,1639.0,1994.0,,,15.0,36.0,39.0,54.0,32.0,20.0,35.0,42.0,21.0,53.99999999845715,103.0,218.0000000093126,167.0,25.0,55.0,183.0,,,138.0,230.0,0.0,46.0,,,7.0,3066.0,35.0
diogo_dalot_mun,2025-26,,,,,,,,,,,,,,,,,,0.0,,,,,,,,,,,,,,,,,,,,
karl_darlow_mun,2025-26,0.0,0.0,,0.0712502,0.0,0.0,0.0,430.0,727.0,,,1.0,1.0,0.0,1.0,0.0,0.0,0.0,24.0,4.0,4.0,7.0,7.0,180.0,0.0,0.0,0.0,,,150.0,442.00000004832526,50.0,,,-2.3652,4.0,1710.0,19.0
matthijs_de_ligt_mun,2025-26,1.0,0.0,1.4559,0.76599626,11.0,3.0,3.0,537.0,612.0,,,1.0,2.0,6.0,19.0,13.0,15.0,10.0,68.0,50.0,81.00000000226801,24.0,37.000000002775,40.0,6.0,4.0,5.0,,,21.0,43.99999999748571,0.0,20.0,,,1.0,1170.0,13.0
amad_diallo_mun,2025-26,2.0,3.0,5.5665,4.78448291,53.0,23.0,41.0,795.0,904.0,,,39.0,79.0,20.0,38.0,25.0,17.0,17.0,29.0,13.0,32.0,115.0,222.00000000772172,113.0,23.0,11.0,45.0,,,23.0,32.999999998565215,0.0,33.0,,,4.0,2344.0,32.0
patrick_dorgu_mun,2025-26,4.0,4.0,2.3517,1.85359988,26.0,12.0,27.0,384.0,505.0,,,11.0,39.0,16.0,48.0,31.0,15.0,8.0,32.0,44.0,81.99999999291819,105.0,192.0,77.0,23.0,15.0,57.0,,,7.0,19.000000001628575,0.0,20.0,,,2.0,1461.0,26.0
senne_lammens_mun,2025-26,0.0,0.0,,0.04066991,0.0,0.0,0.0,556.0,941.0,,,0.0,0.0,1.0,1.0,1.0,0.0,0.0,26.0,7.0,7.0,4.0,5.0,225.0,0.0,0.0,0.0,,,193.0,571.0000000455617,79.0,39.0,,4.3866,8.0,2880.0,32.0
harry_maguire_mun,2025-26,1.0,2.0,1.1115,0.52094057,14.0,4.0,4.0,733.0,851.0,,,1.0,2.0,4.0,22.0,17.0,13.0,14.0,105.0,59.0,79.00000000401695,39.0,60.99999999953077,62.0,16.0,1.0,4.0,,,47.0,109.99999999297872,0.0,19.0,,,5.0,1667.0,23.0
lisandro_martinez_mun,2025-26,0.0,0.0,0.1503,0.60057816,5.0,0.0,5.0,844.0,939.0,,,14.0,16.0,3.0,19.0,12.0,12.0,15.0,62.0,12.0,21.000000001050005,35.0,51.00000000029142,67.0,9.0,1.0,2.0,,,44.0,97.00000000485,0.0,15.0,,,4.0,1237.0,18.0
noussair_mazraoui_mun,2025-26,0.0,0.0,0.1883,0.3556401,5.0,0.0,7.0,474.0,543.0,,,8.0,15.0,3.0,28.0,16.0,14.0,5.0,54.0,18.0,32.0,50.0,76.000000004864,46.0,12.0,4.0,13.0,,,19.0,40.0,0.0,10.0,,,2.0,1022.0,20.0
bryan_mbeumo_mun,2025-26,,,,,,,,,,,,,,,,,,0.0,,,,,,,,,,,,,,,,,,,,
mason_mount_mun,2025-26,,,,,,,,,,,,,,,,,,0.0,,,,,,,,,,,,,,,,,,,,
andrey_santos_mun,2025-26,0.0,0.0,1.7792,0.86324633,10.0,1.0,8.0,650.0,727.0,,,2.0,5.0,11.0,30.0,13.0,19.0,8.0,18.0,14.0,29.999999997857145,53.0,79.00000000581322,44.0,12.0,0.0,2.0,,,14.0,28.0,0.0,,,,1.0,1127.0,25.0
carlos_baleba_mun,2025-26,0.0,0.0,0.5746,0.66994945,17.0,1.0,6.0,554.0,643.0,,,11.0,21.0,14.0,32.0,16.0,26.0,11.0,28.0,21.0,38.99999999721429,60.0,126.99999999513167,85.0,29.0,0.0,0.0,,,29.0,51.99999999928276,0.0,,,,2.0,1488.0,28.0
marcus_rashford_mun,2024-25,6.0,3.0,,,35.0,17.0,,636.0,792.0,,177.0,,,,17.0,17.0,5.0,3.0,9.0,26.0,59.0,99.0,227.0,119.0,9.0,16.0,52.0,5.0,,,,0.0,0.0,,0.0,2.0,1426.0,25.0
matheus_cunha_mun,2025-26,10.0,2.0,7.0576,3.28227699,90.0,35.0,35.0,708.0,880.0,,,44.0,91.0,18.0,39.0,23.0,21.0,35.0,22.0,28.0,73.99999999577143,136.0,279.0000000186684,127.0,27.0,11.0,50.0,,,22.0,42.000000000763634,0.0,35.0,,,3.0,2503.0,33.0
benjamin_sesko_mun,2025-26,,,,,,,,,,,,,,,,,,0.0,,,,,,,,,,,,,,,,,,,,
luke_shaw_mun,2025-26,,,,,,,,,,,,,,,,,,0.0,,,,,,,,,,,,,,,,,,,,
youri_tielemans_mun,2025-26,0.0,4.0,1.0538,2.9489544,19.0,4.0,29.0,853.0,1006.0,,,9.0,14.0,21.0,52.0,31.0,18.0,18.0,17.0,20.0,37.000000002775,95.0,157.00000000033052,83.0,25.0,11.0,42.0,,,54.0,81.99999999574815,0.0,,,,2.0,1666.0,22.0
manuel_ugarte_mun,2025-26,,,,,,,,,,,,,,,,,,0.0,,,,,,,,,,,,,,,,,,,,
joshua_zirkzee_mun,2025-26,,,,,,,,,,,,,,,,,,0.0,,,,,,,,,,,,,,,,,,,,
harry_amass_mun,2024-25,0.0,0.0,,,3.0,0.0,,0.0,0.0,,0.0,,,,6.0,6.0,0.0,0.0,9.0,0.0,0.0,0.0,0.0,0.0,2.0,0.0,0.0,0.0,,,,0.0,0.0,,0.0,0.0,346.0,5.0
jack_fletcher_mun,2025-26,,,,,,,,,,,,,,,,,,0.0,,,,,,,,,,,,,,,,,,,,
tyler_fletcher_mun,2025-26,,,,,,,,,,,,,,,,,,0.0,,,,,,,,,,,,,,,,,,,,
ayden_heaven_mun,2025-26,0.0,1.0,0.3454,0.18337896,3.0,0.0,2.0,447.0,494.0,,,6.0,8.0,5.0,22.0,13.0,1.0,12.0,60.0,18.0,27.99999999813333,37.0,52.0000000028108,40.0,7.0,0.0,1.0,,,17.0,29.999999998235296,0.0,15.0,,,2.0,938.0,17.0
shea_lacey_mun,2025-26,,,,,,,,,,,,,,,,,,0.0,,,,,,,,,,,,,,,,,,,,
kobbie_mainoo_mun,2025-26,,,,,,,,,,,,,,,,,,0.0,,,,,,,,,,,,,,,,,,,,
bendito_mantato_mun,2025-26,,,,,,,,,,,,,,,,,,0.0,,,,,,,,,,,,,,,,,,,,
leny_yoro_mun,2025-26,,,,,,,,,,,,,,,,,,0.0,,,,,,,,,,,,,,,,,,,,
harvey_barnes_new,2025-26,6.0,0.0,6.5908,2.36050728,53.0,19.0,20.0,428.0,534.0,,,12.0,44.0,11.0,13.0,5.0,3.0,18.0,16.0,6.0,20.0,48.0,128.0,64.0,17.0,14.0,72.0,,,7.0,14.999999998928573,0.0,,,,3.0,1812.0,34.0
sven_botman_new,2025-26,1.0,1.0,1.7192,0.87222064,14.0,4.0,8.0,875.0,1004.0,,,3.0,3.0,2.0,18.0,12.0,19.0,24.0,114.0,73.0,114.99999999921232,34.0,49.99999999999999,80.0,11.0,0.0,2.0,,,44.0,97.00000000485,0.0,,,,4.0,1568.0,22.0
dan_burn_new,2025-26,1.0,2.0,1.0569,0.36709529,10.0,3.0,6.0,753.0,958.0,,,2.0,3.0,17.0,35.0,24.0,19.0,15.0,148.0,93.0,155.0,47.0,106.0000000036085,65.0,36.0,1.0,11.0,,,28.0,98.00000000490002,0.0,,,,5.0,2020.0,26.0
anthony_elanga_new,2025-26,0.0,1.0,1.4632,1.72908549,16.0,4.0,15.0,335.0,413.0,,,13.0,42.0,12.0,14.0,11.0,3.0,5.0,6.0,13.0,35.00000000269231,50.0,114.000000007296,31.0,8.0,12.0,79.0,,,7.0,10.999999999371427,0.0,,,,0.0,1301.0,30.0
lewis_hall_new,2025-26,1.0,1.0,0.8503,2.54996191,22.0,5.0,22.0,933.0,1098.0,,,36.0,63.0,13.0,49.0,28.0,25.0,22.0,68.0,25.0,53.000000000848004,123.0,210.00000000512193,120.0,15.0,17.0,94.0,,,42.0,101.99999999562857,0.0,,,,3.0,1909.0,27.0
jacob_murphy_new,2025-26,3.0,2.0,3.1233,2.66088931,40.0,12.0,22.0,332.0,453.0,,,19.0,37.0,21.0,15.0,11.0,4.0,15.0,16.0,6.0,16.999999998583334,46.0,106.99999998906739,46.0,9.0,23.0,115.0,,,18.0,34.000000000377774,0.0,,,,1.0,1506.0,30.0
william_osula_new,2025-26,5.0,0.0,2.8091,0.44945659,16.0,9.0,5.0,52.0,65.0,,,5.0,11.0,2.0,3.0,2.0,1.0,5.0,0.0,9.0,32.0,18.0,56.000000004977785,19.0,21.0,2.0,3.0,,,0.0,,0.0,,,,1.0,641.0,21.0
nick_pope_new,2025-26,0.0,0.0,0.162,0.01908777,1.0,1.0,0.0,316.0,534.0,,,0.0,0.0,0.0,1.0,1.0,0.0,0.0,34.0,14.0,14.0,2.0,2.99999999985,227.0,1.0,0.0,0.0,,,90.0,307.00000002149,73.0,,,-3.0552,7.0,2147.0,24.0
jacob_ramsey_new,2025-26,2.0,1.0,1.1319,0.97087104,15.0,4.0,19.0,527.0,585.0,,,15.0,28.0,11.0,30.0,12.0,9.0,8.0,8.0,9.0,19.000000001055554,58.0,104.99999999637932,69.0,15.0,4.0,9.0,,,9.0,15.0,0.0,,,,1.0,1256.0,25.0
fabian_schar_new,2025-26,0.0,0.0,0.9829,0.61340373,17.0,4.0,4.0,672.0,796.0,,,0.0,1.0,6.0,14.0,10.0,18.0,16.0,71.0,46.0,73.00000000015869,20.0,41.000000004099995,43.0,15.0,1.0,4.0,,,71.0,154.00000001301407,0.0,,,,4.0,1091.0,16.0
malick_thiaw_new,2025-26,4.0,0.0,4.721,0.94304356,28.0,14.0,6.0,1354.0,1514.0,,,6.0,6.0,12.0,38.0,29.0,27.0,39.0,176.0,108.0,163.9999999914963,53.0,86.99999999983585,109.0,22.0,1.0,8.0,,,77.0,133.00000000483635,0.0,,,,4.0,2694.0,32.0
joe_willock_new,2025-26,0.0,1.0,1.0798,0.69408321,14.0,5.0,11.0,237.0,289.0,,,7.0,16.0,14.0,18.0,14.0,7.0,3.0,6.0,9.0,19.000000001055554,34.0,83.00000000341764,51.0,15.0,2.0,13.0,,,8.0,18.0000000018,0.0,,,,0.0,884.0,22.0
yoane_wissa_new,2025-26,1.0,0.0,3.1172,0.54783702,13.0,5.0,2.0,54.0,79.0,,,1.0,12.0,1.0,4.0,4.0,0.0,1.0,2.0,12.0,32.0,6.0,29.00000000338333,13.0,6.0,0.0,1.0,,,3.0,4.0,0.0,,,,0.0,483.0,16.0
lewis_miley_new,2025-26,1.0,4.0,1.3393,2.1116459,12.0,4.0,15.0,754.0,840.0,,,12.0,14.0,12.0,29.0,18.0,20.0,7.0,34.0,45.0,62.00000000110222,44.0,72.00000000130909,69.0,5.0,6.0,42.0,,,21.0,34.000000001295234,0.0,,,,2.0,1494.0,23.0
liam_delap_nfo,2025-26,1.0,0.0,4.4324,0.21611787,35.0,11.0,3.0,118.0,170.0,,,10.0,13.0,6.0,4.0,3.0,1.0,10.0,11.0,23.0,54.9999999976087,32.0,82.99999999455314,23.0,22.0,0.0,6.0,,,1.0,2.0,0.0,,,,0.0,1032.0,26.0
nicolas_dominguez_nfo,2025-26,1.0,1.0,1.1544,0.7318409,16.0,5.0,11.0,369.0,438.0,,,5.0,11.0,20.0,48.0,24.0,6.0,12.0,14.0,13.0,32.0,63.0,106.00000000740316,51.0,15.0,5.0,13.0,,,15.0,23.00000000153333,0.0,,,,0.0,1053.0,24.0
morgan_gibbs-white_nfo,2025-26,13.0,4.0,9.4618,2.84290561,75.0,28.0,46.0,925.0,1139.0,,,25.0,52.0,21.0,19.0,14.0,11.0,23.0,32.0,41.0,117.00000000913172,81.0,188.00000001299753,103.0,25.0,9.0,39.0,,,40.0,70.0000000035,0.0,,,,7.0,2930.0,35.0
callum_hudson-odoi_nfo,2024-25,5.0,2.0,,,37.0,4.0,,1926.0,2137.0,,332.0,,,,22.0,22.0,20.0,17.0,12.0,44.0,77.0,100.0,154.0,168.0,12.0,1.0,8.0,0.0,,,,0.0,0.0,,0.0,3.0,2201.0,31.0
james_mcatee_nfo,2025-26,0.0,0.0,0.125,0.25620547,3.0,0.0,4.0,88.0,100.0,,,3.0,7.0,3.0,5.0,3.0,3.0,3.0,3.0,1.0,5.999999998799999,13.0,33.0000000033,12.0,4.0,0.0,8.0,,,2.0,4.0,0.0,,,,0.0,279.0,11.0
nikola_milenkovic_nfo,2025-26,0.0,0.0,0.8229,0.49760445,15.0,1.0,1.0,1209.0,1389.0,,,1.0,1.0,10.0,28.0,16.0,29.0,32.0,204.0,83.0,121.00000000408191,48.0,76.9999999971125,95.0,18.0,0.0,2.0,,,76.0,178.00000001452105,0.0,,,,9.0,3105.0,35.0
daniel_munoz_nfo,2025-26,4.0,2.0,2.3361,3.43045283,24.0,11.0,21.0,570.0,728.0,,,2.0,15.0,18.0,64.0,42.0,24.0,8.0,87.0,38.0,85.0000000055921,83.0,153.99999998886747,87.0,34.0,13.0,58.0,,,23.0,62.99999999643913,0.0,,,,10.0,2096.0,25.0
dan_ndoye_nfo,2025-26,1.0,1.0,1.0617,1.53736363,15.0,4.0,14.0,221.0,282.0,,,13.0,33.0,12.0,23.0,13.0,10.0,6.0,12.0,11.0,25.0,58.0,123.99999999572414,50.0,16.0,9.0,42.0,,,7.0,12.999999999071429,0.0,,,,0.0,1176.0,24.0
luca_netz_nfo,2025-26,0.0,0.0,,0.38376172,0.0,0.0,0.0,41.0,52.0,,,1.0,2.0,2.0,7.0,5.0,1.0,2.0,5.0,0.0,,9.0,16.0,11.0,4.0,0.0,2.0,,,3.0,8.0,0.0,,,,0.0,161.0,4.0
ibrahim_sangare_nfo,2025-26,2.0,2.0,1.1464,1.75417074,16.0,5.0,12.0,783.0,903.0,,,10.0,21.0,22.0,58.0,29.0,20.0,18.0,48.0,23.0,50.0,85.0,170.0,102.0,39.0,0.0,8.0,,,37.0,66.99999999637838,0.0,,,,7.0,1995.0,26.0
nicolo_savona_nfo,2025-26,2.0,0.0,1.3398,0.43882839,5.0,3.0,7.0,314.0,399.0,,,2.0,5.0,15.0,20.0,12.0,4.0,4.0,29.0,7.0,12.000000000685713,27.0,57.99999999742223,27.0,12.0,8.0,27.0,,,13.0,46.999999996746155,0.0,,,,3.0,1026.0,14.0
matz_sels_nfo,2025-26,0.0,0.0,,0.09254503,0.0,0.0,1.0,396.0,706.0,,,0.0,0.0,1.0,1.0,1.0,0.0,0.0,24.0,5.0,6.00000000024,6.0,7.000000000350001,180.0,0.0,0.0,0.0,,,141.0,447.00000001521704,82.0,,,0.1394,7.0,2397.0,28.0
neco_williams_nfo,2025-26,2.0,3.0,1.8687,3.83179923,42.0,18.0,35.0,993.0,1203.0,,,28.0,62.0,34.0,88.0,57.0,41.0,30.0,79.0,37.0,74.0,163.0,281.999999998616,147.0,28.0,25.0,123.0,,,44.0,130.99999999821364,0.0,,,,9.0,2936.0,34.0
chris_wood_nfo,2025-26,3.0,0.0,3.6034,0.15921277,20.0,8.0,4.0,83.0,118.0,,,1.0,2.0,4.0,1.0,1.0,1.0,4.0,8.0,21.0,48.99999999673333,7.0,19.000000001628575,10.0,5.0,0.0,1.0,,,1.0,2.0,0.0,,,,0.0,757.0,12.0
ryan_yates_nfo,2025-26,0.0,2.0,0.2239,0.25322146,5.0,1.0,4.0,178.0,228.0,,,1.0,2.0,4.0,14.0,9.0,9.0,5.0,20.0,17.0,26.000000001835293,27.0,48.99999999673334,15.0,12.0,2.0,4.0,,,4.0,12.000000001199998,0.0,,,,0.0,559.0,20.0
zach_abbott_nfo,2025-26,0.0,0.0,,0.01137657,0.0,0.0,0.0,44.0,62.0,,,1.0,3.0,0.0,4.0,4.0,1.0,1.0,7.0,6.0,8.0,6.0,12.0,10.0,3.0,1.0,3.0,,,1.0,8.0,0.0,,,,0.0,165.0,3.0
eric_da_silva_moreira_nfo,2024-25,0.0,0.0,,,0.0,0.0,,0.0,0.0,,0.0,,,,2.0,2.0,0.0,0.0,0.0,0.0,0.0,0.0,0.0,0.0,0.0,0.0,0.0,0.0,,,,0.0,0.0,,0.0,0.0,28.0,2.0
federico_fernandez_sun,2025-26,1.0,1.0,1.6272,0.89425007,23.0,9.0,9.0,1010.0,1246.0,,,17.0,21.0,8.0,30.0,17.0,33.0,36.0,211.0,82.0,143.00000000662683,55.0,111.99999999348363,102.0,33.0,3.0,11.0,,,78.0,192.0,0.0,,,,8.0,2689.0,31.0
dan_ballard_sun,2025-26,2.0,0.0,2.4595,0.65835224,26.0,9.0,15.0,906.0,1103.0,,,3.0,5.0,6.0,33.0,18.0,20.0,29.0,185.0,106.0,182.9999999929217,62.0,101.99999999243225,69.0,29.0,0.0,1.0,,,58.0,155.99999999784825,0.0,,,,6.0,2148.0,29.0
brian_brobbey_sun,2025-26,6.0,1.0,4.5284,0.5610516,28.0,14.0,12.0,167.0,235.0,,,2.0,13.0,4.0,8.0,2.0,0.0,11.0,11.0,60.0,132.0000000132,42.0,109.00000000493094,40.0,26.0,0.0,2.0,,,3.0,5.0,0.0,,,,0.0,1716.0,28.0
kevin_danso_sun,2025-26,0.0,0.0,0.3508,0.23917611,6.0,2.0,2.0,667.0,772.0,,,1.0,2.0,8.0,25.0,11.0,17.0,14.0,113.0,65.0,98.99999999482154,36.0,65.99999999449999,41.0,18.0,0.0,7.0,,,31.0,81.99999999735483,0.0,,,,3.0,1237.0,21.0
habib_diarra_sun,2025-26,2.0,1.0,3.2875,0.64991475,24.0,8.0,5.0,349.0,426.0,,,6.0,22.0,7.0,14.0,7.0,4.0,3.0,13.0,10.0,22.999999999769997,46.0,100.99999998989999,46.0,19.0,2.0,27.0,,,4.0,14.999999998125,0.0,,,,4.0,1365.0,18.0
melker_ellborg_sun,2025-26,0.0,0.0,,0.01864659,0.0,0.0,0.0,46.0,98.0,,,1.0,1.0,0.0,0.0,0.0,0.0,0.0,6.0,0.0,,2.0,2.0,33.0,0.0,0.0,0.0,,,13.0,64.0,10.0,,,0.6062,1.0,270.0,3.0
trai_hume_sun,2025-26,1.0,1.0,1.9531,1.71682443,31.0,6.0,21.0,716.0,957.0,,,4.0,17.0,30.0,64.0,46.0,25.0,22.0,98.0,64.0,130.00000000203124,103.0,182.00000001095532,93.0,28.0,13.0,82.0,,,41.0,99.0000000099,0.0,,,,8.0,2798.0,35.0
wilson_isidor_sun,2025-26,5.0,0.0,4.4737,0.21149751,40.0,16.0,0.0,74.0,127.0,,,6.0,22.0,5.0,9.0,6.0,0.0,12.0,15.0,25.0,89.9999999928,21.0,68.00000000259047,21.0,14.0,0.0,0.0,,,1.0,6.999999997900001,0.0,,,,1.0,1131.0,30.0
enzo_le_fee_sun,2025-26,4.0,5.0,4.6928,4.6265704,29.0,9.0,44.0,801.0,987.0,,,13.0,44.0,34.0,81.0,52.0,27.0,21.0,35.0,17.0,68.0,127.0,247.9999999968756,138.0,28.0,23.0,87.0,,,27.0,51.00000000056666,0.0,,,,7.0,2675.0,33.0
reinildo_mandava_sun,2025-26,0.0,1.0,0.1781,0.67172084,4.0,0.0,6.0,599.0,703.0,,,14.0,25.0,11.0,32.0,18.0,29.0,15.0,67.0,31.0,55.99999999710967,77.0,139.00000000812338,78.0,29.0,4.0,20.0,,,20.0,59.000000008259995,0.0,,,,5.0,1699.0,22.0
nordi_mukiele_sun,2025-26,3.0,4.0,1.7345,2.07064023,21.0,4.0,22.0,788.0,1014.0,,,10.0,23.0,12.0,67.0,44.0,35.0,16.0,142.0,73.0,120.00000000657533,96.0,163.00000000407502,115.0,28.0,14.0,78.0,,,42.0,109.00000000493094,0.0,,,,7.0,2517.0,29.0
romaine_mundle_sun,2025-26,0.0,0.0,0.8612,0.4741025,7.0,2.0,1.0,89.0,104.0,,,7.0,15.0,7.0,5.0,5.0,1.0,2.0,6.0,5.0,8.0,19.0,54.99999999276315,22.0,7.0,2.0,11.0,,,2.0,4.0,0.0,,,,0.0,412.0,14.0
luke_o'nien_sun,2025-26,0.0,0.0,0.0209,0.12651656,1.0,0.0,0.0,157.0,194.0,,,1.0,1.0,1.0,4.0,3.0,5.0,1.0,18.0,6.0,16.0,11.0,16.0,9.0,4.0,0.0,7.0,,,12.0,32.0,0.0,,,,2.0,434.0,10.0
robin_roefs_sun,2025-26,0.0,0.0,,0.14470227,0.0,0.0,4.0,775.0,1223.0,,,1.0,1.0,2.0,0.0,0.0,0.0,0.0,33.0,22.0,22.0,9.0,10.999999999755556,312.0,0.0,0.0,0.0,,,186.0,630.0000000812903,103.0,,,-1.2578,9.0,2880.0,32.0
noah_sadiki_sun,2025-26,0.0,1.0,1.0225,1.38882702,16.0,4.0,17.0,855.0,1004.0,,,25.0,42.0,15.0,46.0,24.0,33.0,18.0,41.0,11.0,29.99999999727273,105.0,184.0000000042057,96.0,29.0,4.0,17.0,,,36.0,78.0000000065,0.0,,,,7.0,2637.0,30.0
granit_xhaka_sun,2025-26,1.0,6.0,0.9901,3.14124523,20.0,5.0,33.0,1334.0,1599.0,,,10.0,23.0,16.0,46.0,29.0,27.0,25.0,81.0,53.0,83.99999999366037,89.0,151.9999999972674,156.0,21.0,22.0,86.0,,,125.0,226.99999998002397,0.0,,,,8.0,2633.0,31.0
chris_rigg_sun,2025-26,1.0,0.0,0.8401,1.1390988,12.0,3.0,8.0,146.0,205.0,,,7.0,12.0,4.0,13.0,8.0,3.0,4.0,10.0,4.0,12.999999999675,28.0,49.99999999999999,29.0,8.0,4.0,10.0,,,9.0,20.0,0.0,,,,0.0,759.0,16.0
chemsdine_talbi_sun,2025-26,4.0,1.0,2.0848,1.14822385,24.0,10.0,12.0,302.0,369.0,,,16.0,32.0,12.0,10.0,6.0,2.0,6.0,16.0,1.0,13.999999999720002,27.0,70.0000000025926,56.0,5.0,7.0,47.0,,,13.0,23.00000000017692,0.0,,,,2.0,1452.0,26.0
brandon_austin_tot,2024-25,0.0,0.0,,,0.0,0.0,,0.0,0.0,,0.0,,,,0.0,0.0,0.0,0.0,1.0,0.0,0.0,0.0,0.0,0.0,0.0,0.0,0.0,0.0,,,,2.0,0.0,,0.0,0.0,90.0,1.0
rodrigo_bentancur_tot,2025-26,1.0,1.0,0.527,0.79071866,11.0,3.0,9.0,751.0,878.0,,,16.0,26.0,8.0,46.0,29.0,29.0,10.0,45.0,28.0,66.99999999377857,66.0,108.00000000196363,113.0,17.0,1.0,7.0,,,17.0,38.999999999770594,0.0,,,,5.0,1639.0,23.0
ben_davies_tot,2025-26,1.0,0.0,0.4917,0.08703464,2.0,2.0,1.0,56.0,65.0,,,0.0,0.0,0.0,5.0,4.0,1.0,1.0,8.0,4.0,7.000000000350001,5.0,8.0,5.0,2.0,2.0,3.0,,,5.0,8.0,0.0,,,,0.0,138.0,3.0
martin_dubravka_tot,2025-26,0.0,0.0,,0.06901932,0.0,0.0,0.0,701.0,1204.0,,,0.0,0.0,1.0,1.0,1.0,0.0,0.0,59.0,22.0,25.999999998581817,7.0,8.0,291.0,0.0,0.0,0.0,,,252.0,745.999999953819,127.0,,,-3.3121,4.0,3150.0,35.0
mateus_fernandes_tot,2025-26,3.0,3.0,1.2868,2.57064354,23.0,5.0,32.0,1232.0,1407.0,,,26.0,44.0,38.0,93.0,61.0,33.0,20.0,31.0,17.0,35.00000000102941,166.0,295.00000000355425,167.0,45.0,12.0,50.0,,,98.0,156.99999998894592,0.0,,,,4.0,2754.0,33.0
conor_gallagher_tot,2025-26,1.0,1.0,0.6484,0.626534,7.0,3.0,11.0,326.0,391.0,,,10.0,15.0,12.0,16.0,12.0,16.0,5.0,4.0,7.0,20.0,44.0,85.00000000386363,56.0,18.0,5.0,18.0,,,14.0,22.999999999014285,0.0,,,,0.0,934.0,13.0
antonin_kinsky_tot,2025-26,0.0,0.0,,0.00480982,0.0,0.0,0.0,84.0,139.0,,,0.0,0.0,0.0,0.0,0.0,0.0,0.0,8.0,3.0,3.0,1.0,1.0,20.0,0.0,0.0,0.0,,,24.0,78.99999998815001,4.0,,,-1.4908,1.0,360.0,4.0
mohammed_kudus_tot,2025-26,2.0,5.0,1.9301,2.4015259,26.0,9.0,25.0,380.0,444.0,,,52.0,102.0,12.0,29.0,19.0,3.0,10.0,6.0,11.0,29.00000000210909,96.0,233.99999997513748,95.0,23.0,28.0,122.0,,,19.0,27.000000000142105,0.0,,,,2.0,1545.0,19.0
dejan_kulusevski_tot,2024-25,7.0,4.0,,,47.0,1.0,,841.0,953.0,,162.0,,,,45.0,45.0,22.0,5.0,9.0,13.0,26.0,126.0,204.0,111.0,48.0,4.0,19.0,0.0,,,,0.0,0.0,,0.0,5.0,2391.0,32.0
james_maddison_tot,2024-25,9.0,7.0,,,39.0,4.0,,1042.0,1277.0,,128.0,,,,31.0,31.0,41.0,41.0,17.0,103.0,138.0,96.0,153.0,98.0,32.0,0.0,1.0,2.0,,,,0.0,0.0,,0.0,0.0,1816.0,31.0
omar_marmoush_tot,2025-26,3.0,3.0,2.7134,0.79101474,30.0,9.0,12.0,141.0,162.0,,,10.0,22.0,4.0,13.0,7.0,2.0,11.0,2.0,3.0,9.000000000899998,43.0,82.99999999305116,20.0,10.0,0.0,11.0,,,1.0,1.0,0.0,5.0,,,0.0,734.0,21.0
mykhailo_mudryk_tot,2024-25,0.0,0.0,,,1.0,0.0,,0.0,0.0,,0.0,,,,2.0,2.0,0.0,0.0,1.0,0.0,0.0,0.0,0.0,0.0,2.0,0.0,0.0,0.0,,,,0.0,0.0,,0.0,0.0,145.0,7.0
wilson_odobert_tot,2025-26,0.0,2.0,1.9016,1.22273443,22.0,8.0,20.0,276.0,325.0,,,24.0,41.0,3.0,10.0,9.0,1.0,4.0,13.0,5.0,16.99999999762,44.0,87.00000000632728,54.0,2.0,8.0,28.0,,,6.0,8.99999999955,0.0,,,,0.0,990.0,24.0
pedro_porro_tot,2025-26,1.0,2.0,0.9125,3.4749821,28.0,7.0,46.0,985.0,1330.0,,,15.0,35.0,37.0,66.0,43.0,26.0,16.0,96.0,19.0,41.000000004099995,105.0,196.9999999844276,121.0,28.0,49.0,213.0,,,122.0,272.99999999172053,0.0,,,,8.0,2528.0,31.0
andrew_robertson_tot,2025-26,1.0,0.0,1.0718,1.14715921,9.0,3.0,18.0,556.0,667.0,,,3.0,6.0,4.0,12.0,9.0,7.0,8.0,29.0,13.0,27.999999999138463,16.0,28.000000001400004,38.0,4.0,11.0,50.0,,,25.0,63.00000000403201,0.0,,,,3.0,1105.0,23.0
marcos_senesi_tot,2025-26,0.0,5.0,1.5218,4.59761469,17.0,5.0,24.0,1639.0,2117.0,,,6.0,8.0,26.0,59.0,32.0,53.0,46.0,237.0,88.0,181.0000000014398,98.0,168.0000000096,141.0,31.0,8.0,25.0,,,164.0,436.99999998827565,0.0,,,,9.0,3020.0,34.0
xavi_simons_tot,2025-26,2.0,5.0,3.0822,3.85891022,42.0,10.0,35.0,665.0,802.0,,,28.0,66.0,18.0,34.0,21.0,15.0,18.0,12.0,12.0,37.000000002775,106.0,208.00000000627924,87.0,21.0,14.0,52.0,,,36.0,57.99999999742222,0.0,,,,1.0,1769.0,28.0
sandro_tonali_tot,2025-26,0.0,2.0,1.683,2.76437743,34.0,8.0,30.0,1224.0,1454.0,,,19.0,30.0,23.0,33.0,24.0,30.0,24.0,34.0,12.0,25.0,91.0,163.99999999423295,138.0,23.0,19.0,93.0,,,67.0,139.9999999916418,0.0,,,,5.0,2400.0,33.0
destiny_udogie_tot,2025-26,0.0,1.0,0.167,0.7232117,3.0,1.0,12.0,422.0,493.0,,,5.0,16.0,10.0,24.0,15.0,6.0,5.0,20.0,7.0,19.000000001628575,47.0,94.0,59.0,14.0,5.0,22.0,,,4.0,18.0000000018,0.0,,,,0.0,1098.0,17.0
micky_van_de_ven_tot,2025-26,4.0,1.0,2.4957,0.35934077,15.0,6.0,6.0,1442.0,1606.0,,,9.0,13.0,9.0,37.0,18.0,21.0,24.0,121.0,42.0,89.99999999357144,65.0,105.00000000807694,109.0,23.0,0.0,3.0,,,65.0,145.9999999842769,0.0,,,,7.0,2773.0,32.0
lucas_bergvall_tot,2025-26,1.0,3.0,1.3424,0.43007332,11.0,5.0,5.0,244.0,297.0,,,14.0,23.0,9.0,22.0,14.0,2.0,3.0,13.0,4.0,18.0000000018,43.0,92.00000000941395,39.0,24.0,3.0,19.0,,,10.0,17.99999999856,0.0,,,,0.0,970.0,22.0
jun'ai_byfield_tot,2025-26,0.0,0.0,,0.00266754,0.0,0.0,0.0,4.0,5.0,,,0.0,0.0,0.0,0.0,0.0,0.0,0.0,0.0,1.0,1.0,0.0,,0.0,0.0,0.0,0.0,,,0.0,,0.0,,,,0.0,10.0,1.0
alfie_dorrington_tot,2024-25,0.0,0.0,,,0.0,0.0,,0.0,0.0,,0.0,,,,0.0,0.0,0.0,0.0,0.0,0.0,0.0,0.0,0.0,0.0,0.0,0.0,0.0,0.0,,,,0.0,0.0,,0.0,0.0,13.0,1.0
archie_gray_tot,2025-26,2.0,2.0,1.4754,1.17637384,11.0,5.0,8.0,446.0,537.0,,,7.0,15.0,1.0,11.0,8.0,17.0,7.0,43.0,9.0,25.0,20.0,58.000000001160004,57.0,12.0,4.0,12.0,,,21.0,52.00000000594286,0.0,,,,2.0,1492.0,23.0
mikey_moore_tot,2024-25,0.0,1.0,,,3.0,0.0,,0.0,0.0,,0.0,,,,2.0,2.0,0.0,0.0,5.0,0.0,0.0,0.0,0.0,0.0,3.0,0.0,0.0,0.0,,,,0.0,0.0,,0.0,0.0,361.0,10.0
callum_olusesi_tot,2025-26,0.0,0.0,,0.00532838,0.0,0.0,0.0,8.0,8.0,,,0.0,0.0,0.0,0.0,0.0,0.0,0.0,0.0,0.0,,0.0,,2.0,0.0,0.0,0.0,,,1.0,1.0,0.0,,,,0.0,14.0,1.0
mathys_tel_tot,2025-26,3.0,1.0,2.1059,1.94032096,29.0,7.0,24.0,215.0,279.0,,,36.0,73.0,9.0,18.0,10.0,4.0,9.0,10.0,13.0,43.999999993230766,73.0,165.0000000090411,63.0,15.0,22.0,76.0,,,11.0,21.000000000381817,0.0,,,,0.0,1110.0,28.0
