fixture_id,player_id,team_id,minutes_played,position_played,goals,assists,xg,xa,shots,shots_on_target,key_passes,progressive_passes,progressive_carries,times_dribbled_past,interceptions,blocks,clearances,recoveries,fouls_committed,through_balls,touches_in_box,passes_attempted,passes_completed,dribbles_attempted,dribbles_completed,tackles,tackles_won,aerial_duels_total,aerial_duels_won,duels_total,duels_won,crosses_attempted,crosses_completed,passes_long_attempted,passes_long_completed,saves,goals_against,post_shot_xg,clean_sheet
F001_MCI_ARS,gordon_reece_mci_0,MCI,72,GK,0,0,0.0,0.0,0,0,0,1,1,0,0,0,2,1,0,0,0,21,16,0,0,0,0,0,0,0,0,0,0,5,4,3,0,0.17,True
F001_MCI_ARS,saka_mason_mci_2,MCI,90,CB,0,0,0.07,0.07,0,1,0,6,1,1,1,0,2,2,1,0,1,67,62,0,0,0,0,1,1,2,0,0,0,6,5,0,0,0.0,False
F001_MCI_ARS,iwobi_jarrad_mci_3,MCI,81,CB,0,0,0.04,0.12,0,0,0,4,2,1,2,1,8,3,1,0,2,52,44,1,0,1,1,5,3,3,2,0,0,9,5,0,0,0.0,False
F001_MCI_ARS,toney_bukayo_mci_5,MCI,90,FB,0,1,0.01,0.07,0,0,0,2,5,1,3,0,2,4,0,0,0,50,42,1,1,3,1,1,0,4,0,0,0,2,2,0,0,0.0,False
F001_MCI_ARS,havertz_jarrad_mci_6,MCI,76,FB,0,0,0.19,0.08,1,0,1,4,3,2,2,1,3,7,2,0,0,46,39,1,0,3,2,1,1,5,4,2,1,4,2,0,0,0.0,False
F001_MCI_ARS,bright_conor_mci_7,MCI,87,DM,0,0,0.05,0.12,2,0,0,5,0,0,4,0,0,5,1,1,0,61,52,2,0,1,0,2,1,2,0,1,0,4,3,0,0,0.0,False
F001_MCI_ARS,osei_kalvin_mci_8,MCI,90,CM,0,0,0.14,0.15,2,0,1,3,5,0,3,3,2,2,0,1,2,44,40,1,1,4,4,1,0,3,2,1,0,0,0,0,0,0.0,False
F001_MCI_ARS,nkunku_cole_mci_9,MCI,82,CM,0,0,0.17,0.18,0,2,1,8,2,0,0,0,0,9,0,1,3,55,47,1,1,3,1,0,0,4,2,1,0,2,0,0,0,0.0,False
F001_MCI_ARS,gvardiol_morgan_mci_11,MCI,85,WING,0,0,0.3,0.37,3,1,2,2,2,0,0,1,0,1,1,0,1,24,18,4,2,0,0,1,0,3,2,4,1,1,0,0,0,0.0,False
F001_MCI_ARS,rice_kai_mci_12,MCI,82,WING,1,0,0.28,0.24,1,1,0,4,6,0,0,0,0,2,0,0,5,28,23,6,4,0,0,0,0,1,1,3,2,1,0,0,0,0.0,False
F001_MCI_ARS,palmer_james_mci_13,MCI,90,ST,0,0,0.51,0.07,2,0,1,0,0,0,0,0,0,2,0,0,3,19,16,0,0,0,0,5,2,3,1,0,0,0,0,0,0,0.0,False
F001_MCI_ARS,rice_reece_mci_1,MCI,35,GK,0,0,0.0,0.08,0,0,0,0,0,0,1,0,1,2,0,0,0,13,11,0,0,0,0,0,0,1,0,0,0,1,0,1,0,-0.06,True
F001_MCI_ARS,branthwaite_anthony_mci_4,MCI,41,CB,0,0,0.0,0.09,0,0,0,1,0,0,1,0,3,3,0,0,1,24,21,0,0,0,0,3,3,5,2,0,0,1,0,0,0,0.0,False
F001_MCI_ARS,osei_james_mci_10,MCI,6,AM,0,0,0.05,0.02,0,0,0,0,1,0,0,0,0,0,0,0,0,2,2,0,0,0,0,0,0,0,0,0,0,0,0,0,0,0.0,False
F001_MCI_ARS,anderson_declan_ars_0,ARS,90,GK,0,0,0.02,0.0,0,0,0,2,0,0,0,0,2,3,0,0,0,38,33,0,0,0,0,0,0,0,0,0,0,11,7,2,0,0.5,True
F001_MCI_ARS,whitfield_curtis_ars_2,ARS,84,CB,0,0,0.0,0.0,0,0,2,2,1,1,0,0,5,4,0,0,0,53,46,0,0,1,0,2,1,5,3,0,0,3,1,0,0,0.0,False
F001_MCI_ARS,rice_cole_ars_3,ARS,81,CB,0,0,0.1,0.0,0,1,0,4,0,0,1,2,2,6,0,0,1,54,51,0,0,0,0,9,4,5,3,0,0,4,0,0,0,0.0,False
F001_MCI_ARS,whitfield_kai_ars_5,ARS,90,FB,0,0,0.06,0.14,2,0,2,3,5,0,2,1,1,9,1,0,0,64,54,4,1,3,1,1,1,4,0,1,1,3,1,0,0,0.0,False
F001_MCI_ARS,saka_kai_ars_6,ARS,82,FB,0,0,0.06,0.16,2,0,0,0,1,0,2,0,2,6,0,1,0,33,26,3,2,5,2,2,1,2,1,3,0,6,4,0,0,0.0,False
F001_MCI_ARS,toney_kalvin_ars_7,ARS,77,DM,0,0,0.05,0.12,0,0,1,8,1,0,1,0,0,13,1,0,0,51,46,1,1,4,2,0,0,2,0,1,0,4,2,0,0,0.0,False
F001_MCI_ARS,maguire_mason_ars_8,ARS,90,CM,1,1,0.06,0.19,2,0,0,1,1,0,0,0,1,2,0,1,3,34,29,1,0,1,1,2,2,2,1,0,0,2,1,0,0,0.0,False
F001_MCI_ARS,colwill_rico_ars_9,ARS,90,CM,0,0,0.22,0.3,0,0,2,5,6,0,1,0,0,5,1,0,3,42,33,4,2,2,1,0,0,1,1,3,0,5,2,0,0,0.0,False
F001_MCI_ARS,bright_ezri_ars_11,ARS,84,WING,0,0,0.26,0.3,4,1,5,2,3,0,1,1,1,2,0,0,4,34,23,5,2,0,0,0,0,1,0,1,0,1,0,0,0,0.0,False
F001_MCI_ARS,nkunku_tyrick_ars_12,ARS,79,WING,3,0,0.36,0.24,4,2,0,3,2,0,1,0,0,2,1,0,5,38,25,3,3,0,0,1,0,2,1,4,1,1,1,0,0,0.0,False
F001_MCI_ARS,iwobi_levi_ars_13,ARS,83,ST,0,0,0.48,0.16,1,1,0,1,2,1,0,0,0,3,1,0,1,14,9,1,1,0,0,5,1,2,0,0,0,0,0,0,0,0.0,False
F001_MCI_ARS,colwill_levi_ars_4,ARS,28,CB,0,0,0.04,0.05,0,0,0,1,0,0,0,1,6,1,0,0,0,22,20,1,1,0,0,0,0,2,1,0,0,2,2,0,0,0.0,False
F002_MCI_LIV,gordon_reece_mci_0,MCI,79,GK,0,0,0.0,0.0,0,0,0,0,0,0,2,0,4,1,0,0,0,14,11,1,0,0,0,2,1,0,0,0,0,9,6,2,0,-0.07,True
F002_MCI_LIV,saka_mason_mci_2,MCI,89,CB,0,0,0.13,0.12,0,0,0,7,1,1,2,2,8,5,0,0,0,56,49,0,0,3,3,8,6,2,1,0,0,9,9,0,0,0.0,False
F002_MCI_LIV,iwobi_jarrad_mci_3,MCI,75,CB,0,0,0.02,0.0,0,0,0,8,0,1,2,3,5,0,0,0,0,43,38,1,0,3,1,4,3,5,2,0,0,9,5,0,0,0.0,False
F002_MCI_LIV,toney_bukayo_mci_5,MCI,90,FB,0,0,0.01,0.18,0,0,1,3,0,1,2,3,4,5,1,0,0,49,37,0,0,0,0,0,0,5,3,4,0,3,2,0,0,0.0,False
F002_MCI_LIV,havertz_jarrad_mci_6,MCI,83,FB,1,0,0.16,0.2,0,0,2,1,2,2,0,0,1,7,1,2,0,51,42,0,0,0,0,0,0,3,3,7,1,3,2,0,0,0.0,False
F002_MCI_LIV,bright_conor_mci_7,MCI,89,DM,0,0,0.14,0.12,3,1,2,6,2,1,1,0,1,4,1,0,0,52,44,0,0,3,2,1,1,10,6,1,1,5,2,0,0,0.0,False
F002_MCI_LIV,osei_kalvin_mci_8,MCI,81,CM,0,0,0.09,0.22,0,0,1,4,0,0,1,0,0,3,0,0,1,39,34,2,1,1,1,0,0,4,3,1,0,5,1,0,0,0.0,False
F002_MCI_LIV,nkunku_cole_mci_9,MCI,88,CM,0,0,0.17,0.19,1,0,1,6,0,0,1,0,1,3,0,0,1,51,42,1,0,1,0,0,0,3,0,2,0,5,4,0,0,0.0,False
F002_MCI_LIV,gvardiol_morgan_mci_11,MCI,79,WING,0,0,0.28,0.31,0,0,2,6,3,0,0,0,0,2,1,0,2,22,17,2,2,1,0,1,0,2,1,3,1,0,0,0,0,0.0,False
F002_MCI_LIV,rice_kai_mci_12,MCI,76,WING,1,0,0.36,0.34,0,1,2,2,3,0,0,0,0,2,0,0,2,32,22,7,6,1,1,0,0,3,1,3,1,0,0,0,0,0.0,False
F002_MCI_LIV,palmer_james_mci_13,MCI,74,ST,1,0,0.39,0.13,3,1,0,2,1,0,0,1,0,2,0,0,4,12,9,0,0,0,0,2,2,3,1,0,0,1,0,0,0,0.0,False
F002_MCI_LIV,doran_bukayo_liv_0,LIV,64,GK,0,0,0.0,0.02,0,0,0,0,0,0,0,0,1,2,0,0,0,17,13,0,0,0,0,0,0,0,0,0,0,1,1,1,1,0.33,False
F002_MCI_LIV,konate_ezri_liv_2,LIV,76,CB,0,0,0.02,0.0,0,1,0,6,0,0,0,0,4,6,1,0,1,51,47,0,0,2,1,5,2,3,3,0,0,4,3,0,0,0.0,False
F002_MCI_LIV,doran_jarrad_liv_3,LIV,79,CB,1,0,0.01,0.0,0,0,1,5,4,0,1,1,5,8,0,0,0,51,38,0,0,4,2,2,1,6,6,0,0,5,2,0,0,0.0,False
F002_MCI_LIV,gvardiol_bukayo_liv_5,LIV,90,FB,0,0,0.1,0.07,2,1,0,4,3,1,2,2,2,6,2,0,2,38,32,2,2,1,1,1,0,3,1,3,1,4,2,0,0,0.0,False
F002_MCI_LIV,konate_curtis_liv_6,LIV,80,FB,0,0,0.07,0.19,1,0,1,3,3,2,1,0,5,11,2,0,0,44,31,2,2,0,0,1,1,3,1,4,1,3,1,0,0,0.0,False
F002_MCI_LIV,gordon_ezri_liv_7,LIV,76,DM,0,0,0.05,0.07,0,2,1,8,2,2,1,2,1,8,0,0,2,57,52,2,2,2,1,2,2,5,3,0,0,3,2,0,0,0.0,False
F002_MCI_LIV,colwill_morgan_liv_8,LIV,90,CM,0,0,0.19,0.18,2,1,1,3,2,0,1,1,2,3,1,0,0,58,53,0,0,1,1,0,0,3,2,0,0,1,1,0,0,0.0,False
F002_MCI_LIV,toney_james_liv_9,LIV,73,CM,0,0,0.07,0.18,2,0,1,5,6,0,0,0,3,3,0,0,1,46,38,3,2,3,3,2,1,4,1,1,0,3,1,0,0,0.0,False
F002_MCI_LIV,havertz_rasmus_liv_11,LIV,86,WING,0,1,0.33,0.35,4,0,2,4,3,0,0,0,0,4,1,0,4,34,27,7,4,1,0,0,0,5,2,4,0,0,0,0,0,0.0,False
F002_MCI_LIV,whitfield_kalvin_liv_12,LIV,90,WING,1,0,0.33,0.31,3,1,0,1,2,0,0,0,0,2,1,1,0,22,18,4,2,1,0,0,0,2,1,3,2,1,1,0,0,0.0,False
F002_MCI_LIV,iwobi_ezri_liv_13,LIV,78,ST,0,0,0.41,0.16,5,0,1,1,4,0,0,0,1,5,0,0,2,13,10,4,2,0,0,2,0,1,1,0,0,0,0,0,0,0.0,False
F002_MCI_LIV,bright_curtis_liv_1,LIV,1,GK,0,0,0.02,0.06,0,0,0,0,0,0,0,0,0,0,0,0,0,0,0,0,0,0,0,0,0,0,0,0,0,0,0,0,0,-0.14,True
F003_MCI_CHE,gordon_reece_mci_0,MCI,63,GK,0,0,0.02,0.02,0,0,0,1,0,0,0,0,2,0,0,0,0,10,8,0,0,0,0,0,0,0,0,0,0,2,1,3,2,1.79,False
F003_MCI_CHE,saka_mason_mci_2,MCI,90,CB,0,0,0.0,0.09,0,0,0,4,0,0,0,0,4,9,0,0,1,29,25,0,0,2,1,3,2,0,0,0,0,6,3,0,0,0.0,False
F003_MCI_CHE,iwobi_jarrad_mci_3,MCI,83,CB,0,0,0.13,0.1,0,0,0,5,0,0,0,2,7,5,2,0,0,60,49,0,0,1,1,3,1,5,4,0,0,8,5,0,0,0.0,False
F003_MCI_CHE,toney_bukayo_mci_5,MCI,81,FB,0,0,0.1,0.1,0,0,1,1,3,1,1,1,1,4,2,0,2,43,35,1,1,0,0,1,0,4,3,3,1,1,1,0,0,0.0,False
F003_MCI_CHE,havertz_jarrad_mci_6,MCI,82,FB,1,0,0.1,0.18,1,0,1,3,2,0,2,0,0,1,0,1,2,48,41,0,0,1,1,2,1,2,1,3,1,3,2,0,0,0.0,False
F003_MCI_CHE,bright_conor_mci_7,MCI,80,DM,0,0,0.0,0.03,2,1,0,2,0,0,2,1,1,6,0,0,0,49,42,3,2,1,1,0,0,3,3,0,0,4,2,0,0,0.0,False
F003_MCI_CHE,osei_kalvin_mci_8,MCI,81,CM,0,0,0.13,0.16,0,0,2,3,2,0,2,0,0,4,1,0,0,38,30,2,1,1,0,0,0,4,2,0,0,1,1,0,0,0.0,False
F003_MCI_CHE,nkunku_cole_mci_9,MCI,73,CM,1,1,0.21,0.18,1,1,0,3,3,0,1,0,0,4,0,0,1,55,44,1,1,3,1,0,0,3,1,0,0,2,1,0,0,0.0,False
F003_MCI_CHE,gvardiol_morgan_mci_11,MCI,90,WING,0,0,0.38,0.23,3,1,2,2,6,0,0,0,0,4,0,1,3,27,23,2,2,1,0,2,0,0,0,2,2,2,2,0,0,0.0,False
F003_MCI_CHE,rice_kai_mci_12,MCI,84,WING,0,0,0.36,0.26,2,1,4,1,1,0,0,0,0,3,1,1,0,31,24,3,2,1,1,0,0,1,1,2,0,0,0,0,0,0.0,False
F003_MCI_CHE,palmer_james_mci_13,MCI,89,ST,0,0,0.5,0.22,3,1,0,1,1,0,1,0,1,1,1,0,1,24,13,1,0,0,0,1,0,4,1,1,0,0,0,0,0,0.0,False
F003_MCI_CHE,osei_james_mci_10,MCI,13,AM,0,0,0.0,0.07,0,0,2,1,1,0,0,0,0,1,0,0,0,5,5,0,0,1,1,0,0,0,0,0,0,0,0,0,0,0.0,False
F003_MCI_CHE,osei_mason_che_0,CHE,84,GK,0,0,0.0,0.0,0,0,0,2,0,0,0,0,4,3,0,0,0,25,18,0,0,1,1,0,0,1,0,0,0,10,5,4,3,3.21,False
F003_MCI_CHE,branthwaite_kai_che_2,CHE,83,CB,0,0,0.03,0.05,1,1,1,1,0,1,2,2,6,9,1,0,1,59,59,1,1,0,0,7,6,5,3,0,0,2,2,0,0,0.0,False
F003_MCI_CHE,palmer_conor_che_3,CHE,90,CB,0,0,0.04,0.03,0,0,1,3,1,0,1,1,3,5,1,0,0,53,46,0,0,3,2,4,0,2,0,1,0,8,5,0,0,0.0,False
F003_MCI_CHE,palmer_marcus_che_5,CHE,80,FB,0,1,0.03,0.09,2,0,0,0,0,0,0,1,1,2,0,0,0,31,26,1,1,2,1,0,0,1,0,4,0,6,3,0,0,0.0,False
F003_MCI_CHE,doran_reece_che_6,CHE,74,FB,0,0,0.05,0.01,1,0,0,2,3,0,2,0,2,6,1,0,1,52,39,5,2,3,3,0,0,2,0,0,0,2,2,0,0,0.0,False
F003_MCI_CHE,toney_ezri_che_7,CHE,74,DM,0,0,0.03,0.18,1,0,1,3,2,0,3,2,1,3,1,0,0,52,46,0,0,2,1,1,0,4,1,1,1,3,2,0,0,0.0,False
F003_MCI_CHE,konate_kai_che_8,CHE,90,CM,0,1,0.29,0.25,2,0,0,6,4,0,6,0,0,7,3,0,3,50,45,1,1,0,0,0,0,6,5,2,2,1,0,0,0,0.0,False
F003_MCI_CHE,palmer_bukayo_che_9,CHE,77,CM,0,0,0.11,0.14,0,0,2,2,0,0,1,1,0,5,0,0,0,40,31,2,2,3,3,3,2,4,1,0,0,5,3,0,0,0.0,False
F003_MCI_CHE,adeyemi_kalvin_che_11,CHE,83,WING,0,0,0.29,0.28,4,2,1,1,3,0,2,0,0,3,0,1,1,35,26,2,1,1,0,0,0,1,0,3,1,2,1,0,0,0.0,False
F003_MCI_CHE,maguire_emile_che_12,CHE,80,WING,0,0,0.29,0.17,1,0,1,2,2,0,0,0,0,1,0,0,1,18,13,2,2,1,1,1,1,2,1,1,1,0,0,0,0,0.0,False
F003_MCI_CHE,konate_levi_che_13,CHE,90,ST,0,0,0.55,0.24,2,1,0,1,3,0,0,0,0,0,0,1,2,21,18,0,0,0,0,4,1,4,2,0,0,1,1,0,0,0.0,False
F003_MCI_CHE,gvardiol_curtis_che_1,CHE,17,GK,0,0,0.0,0.0,0,0,0,0,0,0,0,0,2,0,0,0,0,3,3,1,1,0,0,1,0,0,0,0,0,1,1,0,0,0.1,True
F003_MCI_CHE,saka_declan_che_10,CHE,6,AM,0,0,0.05,0.01,0,0,0,0,2,0,0,0,1,1,0,0,0,2,2,0,0,0,0,0,0,0,0,0,0,0,0,0,0,0.0,False
F004_MCI_TOT,gordon_reece_mci_0,MCI,90,GK,0,0,0.0,0.0,0,0,0,0,0,0,0,0,0,3,0,0,0,15,10,0,0,0,0,1,1,0,0,0,0,6,4,5,0,0.3,True
F004_MCI_TOT,saka_mason_mci_2,MCI,87,CB,0,0,0.06,0.13,0,1,0,6,2,0,0,4,10,0,0,0,0,45,40,1,0,0,0,3,2,8,6,0,0,4,4,0,0,0.0,False
F004_MCI_TOT,iwobi_jarrad_mci_3,MCI,80,CB,0,0,0.0,0.08,0,0,0,3,1,0,3,1,4,3,3,0,1,53,46,1,1,3,3,3,2,2,1,0,0,8,4,0,0,0.0,False
F004_MCI_TOT,toney_bukayo_mci_5,MCI,83,FB,1,1,0.05,0.24,1,0,0,2,0,0,1,1,2,6,0,0,0,42,34,4,1,3,3,3,1,3,2,1,0,1,1,0,0,0.0,False
F004_MCI_TOT,havertz_jarrad_mci_6,MCI,90,FB,0,0,0.07,0.19,2,0,2,4,3,0,1,0,3,6,1,0,0,72,61,1,1,3,1,1,0,3,2,3,2,3,3,0,0,0.0,False
F004_MCI_TOT,bright_conor_mci_7,MCI,84,DM,0,0,0.13,0.09,0,0,0,5,1,0,2,1,2,3,1,0,0,51,41,1,1,0,0,3,0,2,1,0,0,3,3,0,0,0.0,False
F004_MCI_TOT,osei_kalvin_mci_8,MCI,90,CM,0,1,0.14,0.18,1,2,2,5,2,1,2,1,0,6,0,0,0,47,41,6,5,0,0,1,1,4,1,1,0,7,6,0,0,0.0,False
F004_MCI_TOT,nkunku_cole_mci_9,MCI,68,CM,0,0,0.22,0.17,0,3,2,3,2,0,0,0,0,5,0,0,0,51,42,0,0,1,0,1,0,5,1,0,0,2,1,0,0,0.0,False
F004_MCI_TOT,gvardiol_morgan_mci_11,MCI,87,WING,0,0,0.37,0.37,0,0,2,3,4,0,0,0,0,3,0,1,1,28,20,4,2,1,0,1,0,1,0,3,2,0,0,0,0,0.0,False
F004_MCI_TOT,rice_kai_mci_12,MCI,87,WING,1,1,0.32,0.35,0,0,0,3,6,0,0,0,0,3,0,0,1,29,21,6,1,1,0,0,0,3,1,4,1,0,0,0,0,0.0,False
F004_MCI_TOT,palmer_james_mci_13,MCI,81,ST,0,0,0.36,0.2,0,1,0,1,2,0,0,0,0,1,0,1,0,15,11,0,0,0,0,5,1,2,1,0,0,0,0,0,0,0.0,False
F004_MCI_TOT,branthwaite_anthony_mci_4,MCI,14,CB,0,0,0.0,0.0,1,0,0,1,0,0,0,0,1,1,0,0,0,13,13,0,0,0,0,0,0,1,1,0,0,0,0,0,0,0.0,False
F004_MCI_TOT,osei_james_mci_10,MCI,37,AM,1,1,0.04,0.19,1,1,2,1,1,0,0,0,0,1,0,0,0,17,13,3,2,1,0,1,1,2,1,2,1,0,0,0,0,0.0,False
F004_MCI_TOT,osei_declan_tot_0,TOT,75,GK,0,0,0.0,0.0,0,0,0,4,0,0,0,0,6,3,0,0,0,26,24,0,0,0,0,0,0,1,1,0,0,8,7,1,4,4.23,False
F004_MCI_TOT,colwill_reece_tot_2,TOT,82,CB,0,0,0.04,0.08,0,0,1,2,1,2,1,2,0,7,0,0,1,52,36,1,0,1,0,3,2,2,1,0,0,7,6,0,0,0.0,False
F004_MCI_TOT,colwill_ezri_tot_3,TOT,90,CB,0,0,0.08,0.0,0,0,3,8,0,0,3,1,4,6,1,0,0,54,54,1,1,1,0,5,4,3,2,0,0,5,5,0,0,0.0,False
F004_MCI_TOT,gordon_emile_tot_5,TOT,87,FB,1,0,0.03,0.09,0,0,1,1,0,1,1,0,1,4,0,1,0,53,39,2,2,0,0,2,1,5,4,1,1,6,4,0,0,0.0,False
F004_MCI_TOT,toney_mason_tot_6,TOT,84,FB,0,0,0.15,0.08,1,1,2,3,2,1,1,1,3,5,2,0,2,48,41,2,0,1,1,2,1,5,1,5,3,1,0,0,0,0.0,False
F004_MCI_TOT,iwobi_rasmus_tot_7,TOT,78,DM,0,0,0.0,0.08,1,0,0,1,0,0,0,0,4,5,0,0,0,43,40,0,0,2,2,0,0,4,3,0,0,5,3,0,0,0.0,False
F004_MCI_TOT,whitfield_bukayo_tot_8,TOT,90,CM,0,2,0.17,0.14,3,0,1,6,3,1,2,1,1,4,2,1,1,56,39,1,0,0,0,3,2,1,0,1,0,2,1,0,0,0.0,False
F004_MCI_TOT,doran_ezri_tot_9,TOT,69,CM,1,0,0.22,0.16,0,0,1,5,2,0,2,3,0,7,2,1,1,51,49,1,0,1,1,2,1,2,0,1,1,2,2,0,0,0.0,False
F004_MCI_TOT,konate_conor_tot_11,TOT,88,WING,0,0,0.37,0.37,3,1,2,6,3,0,1,0,0,7,1,0,3,33,25,5,2,0,0,1,0,2,2,2,1,1,0,0,0,0.0,False
F004_MCI_TOT,branthwaite_kalvin_tot_12,TOT,83,WING,2,0,0.38,0.41,3,1,4,3,4,0,1,0,0,7,1,0,4,34,26,3,1,1,1,0,0,2,2,5,0,0,0,0,0,0.0,False
F004_MCI_TOT,rice_rasmus_tot_13,TOT,84,ST,0,0,0.5,0.12,1,1,0,1,4,0,1,0,0,0,0,0,5,20,11,2,0,1,0,3,1,5,1,0,0,0,0,0,0,0.0,False
F005_MCI_NEW,gordon_reece_mci_0,MCI,84,GK,0,0,0.0,0.0,0,0,0,3,0,0,1,0,4,4,1,0,0,16,11,0,0,0,0,0,0,1,1,0,0,13,8,1,0,0.15,True
F005_MCI_NEW,saka_mason_mci_2,MCI,87,CB,0,0,0.11,0.0,0,0,0,4,1,0,0,1,6,8,0,0,0,55,52,0,0,0,0,1,1,4,3,0,0,8,5,0,0,0.0,False
F005_MCI_NEW,iwobi_jarrad_mci_3,MCI,83,CB,0,0,0.0,0.06,1,0,0,4,1,1,2,0,6,8,1,0,0,72,65,2,0,2,0,7,2,3,3,0,0,4,4,0,0,0.0,False
F005_MCI_NEW,toney_bukayo_mci_5,MCI,74,FB,0,0,0.05,0.18,1,0,0,4,0,0,2,2,4,2,1,0,0,40,32,4,2,1,1,3,2,4,3,1,1,1,1,0,0,0.0,False
F005_MCI_NEW,havertz_jarrad_mci_6,MCI,75,FB,0,0,0.0,0.11,0,0,1,0,1,2,1,1,0,2,2,0,0,35,31,3,2,3,2,1,1,4,0,4,1,3,3,0,0,0.0,False
F005_MCI_NEW,bright_conor_mci_7,MCI,83,DM,0,0,0.1,0.15,1,0,0,8,2,0,0,0,1,12,0,0,1,54,48,1,1,1,1,4,3,5,4,1,0,3,2,0,0,0.0,False
F005_MCI_NEW,osei_kalvin_mci_8,MCI,90,CM,0,0,0.18,0.15,0,0,1,3,1,0,1,1,0,4,3,0,0,54,46,5,4,1,0,2,1,4,3,0,0,5,3,0,0,0.0,False
F005_MCI_NEW,nkunku_cole_mci_9,MCI,89,CM,0,0,0.15,0.19,2,0,2,8,2,1,5,1,0,7,3,0,1,68,59,2,2,0,0,1,0,3,3,1,1,0,0,0,0,0.0,False
F005_MCI_NEW,gvardiol_morgan_mci_11,MCI,86,WING,1,0,0.24,0.31,3,1,3,5,4,0,1,0,0,3,0,0,2,26,18,2,2,0,0,1,1,1,1,2,0,0,0,0,0,0.0,False
F005_MCI_NEW,rice_kai_mci_12,MCI,77,WING,0,0,0.26,0.3,0,0,1,3,4,0,0,0,0,5,0,0,1,27,23,3,3,0,0,0,0,1,1,6,2,0,0,0,0,0.0,False
F005_MCI_NEW,palmer_james_mci_13,MCI,63,ST,0,0,0.34,0.2,2,0,2,2,1,0,0,0,1,0,0,0,5,10,6,1,0,0,0,2,1,1,0,0,0,0,0,0,0,0.0,False
F005_MCI_NEW,branthwaite_rasmus_new_0,NEW,87,GK,0,0,0.0,0.0,0,0,0,2,0,0,0,0,5,2,0,0,0,21,16,0,0,0,0,1,1,1,0,0,0,7,5,3,0,-0.2,True
F005_MCI_NEW,doran_anthony_new_2,NEW,66,CB,0,0,0.09,0.07,1,0,0,4,0,0,0,0,4,5,1,0,0,37,31,0,0,0,0,2,2,3,3,0,0,5,5,0,0,0.0,False
F005_MCI_NEW,gvardiol_cole_new_3,NEW,74,CB,0,0,0.1,0.01,0,0,0,2,1,0,4,0,3,4,1,0,0,35,28,0,0,1,1,0,0,2,0,0,0,5,3,0,0,0.0,False
F005_MCI_NEW,nkunku_mason_new_5,NEW,81,FB,0,1,0.02,0.14,0,0,3,2,2,0,3,3,1,4,1,0,0,32,25,0,0,3,1,0,0,3,2,0,0,3,3,0,0,0.0,False
F005_MCI_NEW,branthwaite_tyrick_new_6,NEW,90,FB,0,1,0.08,0.04,0,0,1,5,2,0,1,0,2,5,1,0,2,43,33,0,0,0,0,1,1,1,0,1,0,5,3,0,0,0.0,False
F005_MCI_NEW,gordon_rico_new_7,NEW,85,DM,0,1,0.03,0.01,0,1,1,3,2,1,1,1,2,5,0,0,2,45,42,1,1,1,0,0,0,3,2,1,1,4,3,0,0,0.0,False
F005_MCI_NEW,marsh_cole_new_8,NEW,90,CM,0,0,0.2,0.16,2,0,2,12,2,0,0,0,0,5,1,0,0,47,31,3,1,1,1,1,1,8,3,0,0,6,3,0,0,0.0,False
F005_MCI_NEW,saka_reece_new_9,NEW,78,CM,0,0,0.17,0.33,0,0,4,4,4,0,2,0,1,4,1,1,1,47,44,2,1,0,0,0,0,2,1,1,1,2,1,0,0,0.0,False
F005_MCI_NEW,whitfield_rasmus_new_11,NEW,90,WING,1,0,0.35,0.33,2,1,4,3,2,0,0,0,0,2,0,0,2,39,20,3,3,0,0,1,1,2,0,4,1,1,0,0,0,0.0,False
F005_MCI_NEW,gvardiol_declan_new_12,NEW,67,WING,0,0,0.21,0.2,2,1,0,2,2,0,0,0,0,1,0,0,1,20,15,2,0,0,0,1,1,0,0,1,1,0,0,0,0,0.0,False
F005_MCI_NEW,nkunku_declan_new_13,NEW,86,ST,0,0,0.36,0.19,0,0,0,0,2,0,0,0,0,4,1,0,1,12,9,1,1,0,0,1,0,2,2,0,0,0,0,0,0,0.0,False
F005_MCI_NEW,whitfield_levi_new_4,NEW,4,CB,0,0,0.0,0.0,0,0,0,0,0,0,0,0,0,1,0,0,0,1,1,0,0,0,0,0,0,0,0,0,0,0,0,0,0,0.0,False
F005_MCI_NEW,saka_conor_new_10,NEW,13,AM,0,0,0.06,0.15,0,0,1,3,1,0,0,1,0,0,0,0,1,11,11,0,0,0,0,0,0,0,0,0,0,0,0,0,0,0.0,False
F006_MCI_BHA,gordon_reece_mci_0,MCI,82,GK,0,0,0.0,0.02,0,0,0,2,0,0,0,0,4,2,0,0,0,22,19,0,0,0,0,1,0,1,1,0,0,6,3,1,1,1.02,False
F006_MCI_BHA,saka_mason_mci_2,MCI,83,CB,1,0,0.03,0.11,0,0,0,4,2,1,3,1,4,7,1,1,0,48,38,1,1,1,0,7,3,5,2,0,0,7,2,0,0,0.0,False
F006_MCI_BHA,iwobi_jarrad_mci_3,MCI,81,CB,0,0,0.09,0.0,0,0,0,2,0,0,1,0,4,4,0,0,0,71,67,1,0,3,3,8,7,3,3,0,0,9,9,0,0,0.0,False
F006_MCI_BHA,toney_bukayo_mci_5,MCI,84,FB,0,0,0.01,0.16,0,0,0,3,2,0,1,1,2,6,1,1,3,45,38,3,2,0,0,1,0,5,3,4,0,2,2,0,0,0.0,False
F006_MCI_BHA,havertz_jarrad_mci_6,MCI,82,FB,0,1,0.04,0.21,0,0,0,4,0,0,3,0,5,7,1,0,2,45,37,1,0,5,2,0,0,5,2,6,4,1,1,0,0,0.0,False
F006_MCI_BHA,bright_conor_mci_7,MCI,82,DM,0,0,0.04,0.02,0,0,0,2,0,1,0,1,2,5,0,0,0,52,47,1,1,5,3,0,0,6,5,0,0,4,2,0,0,0.0,False
F006_MCI_BHA,osei_kalvin_mci_8,MCI,77,CM,0,0,0.15,0.16,1,0,1,3,2,0,1,2,0,4,0,0,1,29,22,0,0,1,1,0,0,1,0,0,0,3,2,0,0,0.0,False
F006_MCI_BHA,nkunku_cole_mci_9,MCI,84,CM,0,0,0.24,0.09,0,1,1,4,2,0,0,0,1,4,2,1,1,49,40,1,1,3,1,1,1,3,1,1,0,4,3,0,0,0.0,False
F006_MCI_BHA,gvardiol_morgan_mci_11,MCI,83,WING,0,0,0.38,0.24,1,0,2,1,2,0,0,0,0,6,1,1,1,23,20,4,4,1,0,1,1,1,1,3,0,1,1,0,0,0.0,False
F006_MCI_BHA,rice_kai_mci_12,MCI,78,WING,0,1,0.32,0.19,3,0,1,3,1,0,0,1,1,5,0,0,2,24,15,8,4,3,1,0,0,3,1,2,1,0,0,0,0,0.0,False
F006_MCI_BHA,palmer_james_mci_13,MCI,75,ST,0,0,0.57,0.13,1,0,0,3,4,0,0,0,0,2,1,0,3,16,12,2,2,0,0,3,0,2,2,0,0,1,1,0,0,0.0,False
F006_MCI_BHA,rice_reece_mci_1,MCI,32,GK,0,0,0.0,0.03,0,0,0,1,0,0,0,0,0,0,0,0,0,8,5,0,0,0,0,0,0,0,0,0,0,3,3,0,1,1.75,False
F006_MCI_BHA,saka_rasmus_bha_0,BHA,75,GK,0,0,0.0,0.13,0,0,0,0,0,0,0,1,3,4,0,0,0,22,22,0,0,0,0,0,0,0,0,0,0,9,7,0,2,1.86,False
F006_MCI_BHA,whitfield_emile_bha_2,BHA,90,CB,0,0,0.02,0.0,0,0,2,4,0,1,8,0,5,4,0,0,0,72,68,0,0,4,3,3,1,6,3,0,0,12,6,0,0,0.0,False
F006_MCI_BHA,havertz_james_bha_3,BHA,90,CB,0,0,0.16,0.05,3,0,0,3,0,0,1,2,6,3,0,0,0,61,45,0,0,0,0,4,2,7,2,0,0,13,6,0,0,0.0,False
F006_MCI_BHA,osei_ezri_bha_5,BHA,74,FB,0,0,0.06,0.16,2,0,0,3,3,1,3,0,4,3,1,1,0,26,22,3,2,3,2,1,1,6,3,2,1,4,4,0,0,0.0,False
F006_MCI_BHA,anderson_emile_bha_6,BHA,77,FB,0,0,0.1,0.16,0,0,0,3,2,0,2,1,2,3,0,0,1,40,34,1,1,0,0,1,1,4,1,4,2,5,1,0,0,0.0,False
F006_MCI_BHA,colwill_jarrad_bha_7,BHA,90,DM,0,0,0.08,0.09,0,0,1,4,1,1,2,0,1,6,1,0,0,46,39,3,0,1,1,2,0,7,5,0,0,8,3,0,0,0.0,False
F006_MCI_BHA,toney_kai_bha_8,BHA,90,CM,0,0,0.22,0.07,1,0,1,3,1,1,1,1,2,1,0,1,2,35,31,2,1,2,0,0,0,2,1,0,0,0,0,0,0,0.0,False
F006_MCI_BHA,osei_bukayo_bha_9,BHA,90,CM,0,0,0.23,0.22,1,0,0,4,2,0,2,0,1,2,0,1,3,52,41,1,1,2,2,0,0,1,0,1,1,6,3,0,0,0.0,False
F006_MCI_BHA,maguire_declan_bha_11,BHA,90,WING,1,1,0.6,0.6,5,1,2,3,9,0,0,0,1,3,0,0,1,44,43,6,5,3,3,0,0,4,3,3,1,0,0,0,0,0.0,False
F006_MCI_BHA,branthwaite_cole_bha_12,BHA,84,WING,0,0,0.52,0.39,4,2,3,2,4,0,1,0,0,3,1,0,2,21,19,3,2,1,0,0,0,3,2,3,1,0,0,0,0,0.0,False
F006_MCI_BHA,branthwaite_mason_bha_13,BHA,87,ST,1,0,0.64,0.2,6,2,1,1,1,0,0,1,1,1,0,0,6,15,13,3,2,0,0,3,1,1,0,0,0,0,0,0,0,0.0,False
F006_MCI_BHA,adeyemi_anthony_bha_1,BHA,22,GK,0,0,0.03,0.06,0,0,0,0,0,0,0,0,0,0,0,0,0,7,5,0,0,0,0,0,0,1,0,0,0,2,2,0,0,0.16,True
F006_MCI_BHA,nkunku_marcus_bha_10,BHA,18,AM,0,0,0.09,0.04,0,0,0,0,0,0,0,0,0,0,0,0,0,9,7,0,0,0,0,1,0,0,0,2,0,0,0,0,0,0.0,False
F007_MCI_EVE,gordon_reece_mci_0,MCI,78,GK,0,0,0.0,0.01,0,0,0,2,0,0,0,0,1,0,0,0,0,19,14,0,0,0,0,1,1,0,0,0,0,5,2,1,2,2.1,False
F007_MCI_EVE,saka_mason_mci_2,MCI,83,CB,0,0,0.03,0.05,0,0,0,4,0,1,0,0,4,6,1,0,0,58,52,1,0,0,0,3,3,4,0,0,0,8,5,0,0,0.0,False
F007_MCI_EVE,iwobi_jarrad_mci_3,MCI,78,CB,0,0,0.0,0.03,0,0,1,2,0,0,1,1,8,8,0,0,0,52,46,0,0,0,0,3,3,5,2,0,0,8,7,0,0,0.0,False
F007_MCI_EVE,toney_bukayo_mci_5,MCI,81,FB,0,0,0.07,0.22,3,0,2,4,1,1,2,0,0,2,0,0,0,54,45,4,4,3,1,1,0,1,1,4,3,3,3,0,0,0.0,False
F007_MCI_EVE,havertz_jarrad_mci_6,MCI,71,FB,0,1,0.05,0.14,0,0,0,4,4,0,1,0,4,8,1,0,1,33,26,0,0,4,2,2,0,6,1,2,0,0,0,0,0,0.0,False
F007_MCI_EVE,bright_conor_mci_7,MCI,90,DM,0,0,0.0,0.09,2,0,0,8,2,0,1,1,0,5,1,0,0,69,61,2,1,1,0,2,1,3,3,1,0,10,6,0,0,0.0,False
F007_MCI_EVE,osei_kalvin_mci_8,MCI,84,CM,0,0,0.12,0.18,0,0,1,4,2,1,4,0,0,6,1,1,2,40,36,1,0,2,1,1,1,1,1,1,1,1,0,0,0,0.0,False
F007_MCI_EVE,nkunku_cole_mci_9,MCI,90,CM,0,0,0.24,0.16,2,1,0,5,1,0,0,1,0,3,0,0,3,68,57,2,1,2,1,3,1,9,5,0,0,3,1,0,0,0.0,False
F007_MCI_EVE,gvardiol_morgan_mci_11,MCI,81,WING,0,0,0.29,0.35,2,0,1,6,6,0,0,0,0,2,0,0,4,28,20,6,4,0,0,1,0,3,0,3,0,0,0,0,0,0.0,False
F007_MCI_EVE,rice_kai_mci_12,MCI,90,WING,1,0,0.31,0.34,2,1,1,3,4,0,1,0,0,3,0,0,2,37,30,5,5,2,0,0,0,0,0,5,3,0,0,0,0,0.0,False
F007_MCI_EVE,palmer_james_mci_13,MCI,75,ST,0,0,0.47,0.12,0,1,0,0,4,0,0,0,1,6,1,0,2,20,17,0,0,0,0,5,2,2,1,1,0,0,0,0,0,0.0,False
F007_MCI_EVE,iwobi_bukayo_eve_0,EVE,85,GK,0,0,0.02,0.0,0,0,0,1,0,0,0,0,1,1,1,0,0,22,17,0,0,0,0,2,1,1,1,0,0,5,5,1,1,1.38,False
F007_MCI_EVE,iwobi_james_eve_2,EVE,81,CB,0,0,0.09,0.13,1,1,0,8,2,0,1,2,10,6,0,0,0,50,50,2,1,1,0,3,2,5,5,2,1,7,7,0,0,0.0,False
F007_MCI_EVE,palmer_ezri_eve_3,EVE,73,CB,0,0,0.0,0.02,0,0,0,3,1,1,1,1,5,2,1,0,0,32,23,0,0,2,0,4,2,5,2,0,0,4,3,0,0,0.0,False
F007_MCI_EVE,gordon_rasmus_eve_5,EVE,79,FB,0,0,0.03,0.26,3,1,2,2,0,1,1,2,1,1,0,0,2,41,28,0,0,1,0,1,0,6,3,5,3,4,1,0,0,0.0,False
F007_MCI_EVE,havertz_tyrick_eve_6,EVE,90,FB,0,0,0.14,0.05,0,0,1,4,0,1,1,1,3,1,0,0,1,56,33,0,0,2,0,0,0,5,1,2,1,4,3,0,0,0.0,False
F007_MCI_EVE,gvardiol_james_eve_7,EVE,82,DM,0,1,0.1,0.05,1,1,2,3,1,0,3,2,4,4,0,0,0,50,35,3,1,2,1,2,0,7,5,0,0,3,1,0,0,0.0,False
F007_MCI_EVE,palmer_kai_eve_8,EVE,76,CM,0,0,0.15,0.22,0,1,2,3,0,0,1,0,2,4,2,0,1,33,28,2,1,1,1,2,1,5,3,0,0,2,2,0,0,0.0,False
F007_MCI_EVE,palmer_rico_eve_9,EVE,90,CM,0,0,0.18,0.22,0,0,0,8,2,1,3,0,0,7,0,0,2,50,29,3,1,3,0,0,0,8,5,0,0,6,2,0,0,0.0,False
F007_MCI_EVE,havertz_declan_eve_11,EVE,85,WING,0,1,0.59,0.49,1,0,4,1,3,1,1,0,0,4,0,1,2,38,38,4,3,1,1,1,0,3,1,2,2,0,0,0,0,0.0,False
F007_MCI_EVE,whitfield_mason_eve_12,EVE,75,WING,0,0,0.38,0.37,1,0,3,2,2,0,0,1,0,1,0,1,4,36,32,1,0,1,1,1,0,3,1,2,1,1,1,0,0,0.0,False
F007_MCI_EVE,osei_marcus_eve_13,EVE,74,ST,0,0,0.23,0.12,0,0,1,1,1,0,1,0,0,2,0,0,0,15,5,0,0,1,0,1,0,2,0,0,0,0,0,0,0,0.0,False
F007_MCI_EVE,bright_levi_eve_10,EVE,19,AM,0,0,0.21,0.16,1,1,2,1,0,0,0,0,0,3,0,0,1,11,11,1,1,0,0,0,0,1,0,0,0,0,0,0,0,0.0,False
F008_ARS_LIV,anderson_declan_ars_0,ARS,82,GK,0,0,0.03,0.0,0,0,0,0,0,0,0,0,7,2,0,0,0,24,18,0,0,0,0,0,0,0,0,0,0,9,5,2,1,0.74,False
F008_ARS_LIV,whitfield_curtis_ars_2,ARS,80,CB,0,0,0.07,0.0,0,0,1,6,0,1,1,2,2,7,0,0,0,40,35,0,0,2,2,3,1,4,4,0,0,3,1,0,0,0.0,False
F008_ARS_LIV,rice_cole_ars_3,ARS,90,CB,0,0,0.05,0.08,0,0,1,4,2,0,3,1,6,5,3,0,0,58,54,2,1,4,2,8,7,6,4,0,0,7,2,0,0,0.0,False
F008_ARS_LIV,whitfield_kai_ars_5,ARS,89,FB,0,0,0.04,0.14,0,0,1,2,2,1,0,0,1,4,0,0,1,51,46,3,2,1,0,1,1,0,0,2,1,3,3,0,0,0.0,False
F008_ARS_LIV,saka_kai_ars_6,ARS,85,FB,0,0,0.1,0.26,4,0,1,4,4,0,2,0,0,8,2,0,1,37,29,2,2,2,1,3,1,5,2,2,1,3,2,0,0,0.0,False
F008_ARS_LIV,toney_kalvin_ars_7,ARS,84,DM,0,0,0.0,0.16,1,0,1,10,1,0,1,1,2,3,1,0,0,55,50,1,1,0,0,0,0,7,3,0,0,5,4,0,0,0.0,False
F008_ARS_LIV,maguire_mason_ars_8,ARS,73,CM,0,0,0.1,0.18,1,0,1,1,1,0,1,2,0,2,0,0,2,36,32,0,0,2,2,1,0,2,1,0,0,3,2,0,0,0.0,False
F008_ARS_LIV,colwill_rico_ars_9,ARS,77,CM,0,0,0.21,0.14,1,0,0,6,5,2,2,2,0,8,1,0,0,35,28,2,2,2,0,1,0,3,1,2,0,2,2,0,0,0.0,False
F008_ARS_LIV,bright_ezri_ars_11,ARS,81,WING,0,0,0.36,0.26,1,0,2,2,1,0,1,0,0,2,2,0,4,37,26,1,1,2,0,0,0,0,0,3,3,0,0,0,0,0.0,False
F008_ARS_LIV,nkunku_tyrick_ars_12,ARS,90,WING,1,0,0.46,0.26,2,0,2,3,4,0,2,0,0,2,0,0,2,27,21,4,1,1,0,1,0,1,1,5,1,3,1,0,0,0.0,False
F008_ARS_LIV,iwobi_levi_ars_13,ARS,76,ST,0,1,0.43,0.17,1,1,0,2,1,0,0,0,0,4,0,0,6,17,10,0,0,0,0,1,1,1,1,2,2,0,0,0,0,0.0,False
F008_ARS_LIV,maguire_conor_ars_1,ARS,16,GK,0,0,0.0,0.0,0,0,0,0,0,0,0,1,0,1,0,0,0,4,3,0,0,0,0,0,0,0,0,0,0,1,1,1,1,1.19,False
F008_ARS_LIV,doran_bukayo_liv_0,LIV,82,GK,0,0,0.01,0.05,0,0,0,2,0,0,0,0,3,1,0,0,0,17,13,0,0,0,0,0,0,2,0,0,0,5,3,2,3,3.26,False
F008_ARS_LIV,konate_ezri_liv_2,LIV,90,CB,0,0,0.06,0.07,0,0,2,1,0,0,4,0,6,6,2,0,1,66,57,0,0,2,2,6,6,9,6,0,0,9,6,0,0,0.0,False
F008_ARS_LIV,doran_jarrad_liv_3,LIV,81,CB,0,0,0.04,0.06,0,0,0,5,2,0,3,3,3,11,0,0,0,57,48,0,0,0,0,4,2,2,1,0,0,8,6,0,0,0.0,False
F008_ARS_LIV,gvardiol_bukayo_liv_5,LIV,90,FB,0,0,0.16,0.24,1,0,0,7,1,1,5,0,2,7,2,0,0,37,33,2,1,1,1,1,0,2,1,3,1,3,1,0,0,0.0,False
F008_ARS_LIV,konate_curtis_liv_6,LIV,89,FB,0,0,0.06,0.19,0,0,1,8,5,1,1,0,4,4,2,0,2,47,41,1,1,2,1,0,0,2,2,5,3,3,2,0,0,0.0,False
F008_ARS_LIV,gordon_ezri_liv_7,LIV,88,DM,0,0,0.06,0.06,4,1,2,2,2,0,0,3,2,2,1,0,0,61,55,0,0,3,0,3,1,5,3,1,0,6,3,0,0,0.0,False
F008_ARS_LIV,colwill_morgan_liv_8,LIV,86,CM,0,0,0.17,0.15,0,0,0,2,1,1,0,1,0,4,1,0,2,42,34,1,0,0,0,1,1,3,1,0,0,1,1,0,0,0.0,False
F008_ARS_LIV,toney_james_liv_9,LIV,74,CM,0,0,0.14,0.29,0,1,2,5,2,0,0,0,0,4,1,0,1,56,44,2,0,1,0,1,0,5,2,1,1,7,5,0,0,0.0,False
F008_ARS_LIV,havertz_rasmus_liv_11,LIV,90,WING,0,1,0.42,0.29,1,0,1,4,9,0,0,0,1,1,1,0,7,26,23,11,4,0,0,0,0,1,0,2,0,1,1,0,0,0.0,False
F008_ARS_LIV,whitfield_kalvin_liv_12,LIV,82,WING,1,0,0.29,0.21,2,0,2,1,4,0,0,0,0,1,1,1,3,32,22,5,3,2,1,0,0,1,0,5,2,1,1,0,0,0.0,False
F008_ARS_LIV,iwobi_ezri_liv_13,LIV,90,ST,0,0,0.49,0.12,4,1,0,3,2,0,0,0,0,2,0,0,4,29,19,0,0,1,0,3,3,1,0,1,0,1,0,0,0,0.0,False
F008_ARS_LIV,bright_curtis_liv_1,LIV,12,GK,0,0,0.0,0.07,0,0,0,1,0,0,0,0,1,0,0,0,0,5,5,0,0,0,0,0,0,0,0,0,0,1,1,0,0,0.35,True
F009_ARS_CHE,anderson_declan_ars_0,ARS,86,GK,0,0,0.0,0.07,0,0,0,1,1,0,0,0,6,3,0,0,0,26,22,0,0,0,0,1,1,0,0,0,0,9,6,1,3,3.54,False
F009_ARS_CHE,whitfield_curtis_ars_2,ARS,80,CB,0,0,0.06,0.07,1,0,0,3,1,2,2,0,4,7,2,0,0,58,53,2,1,2,1,4,2,3,2,0,0,5,4,0,0,0.0,False
F009_ARS_CHE,rice_cole_ars_3,ARS,84,CB,0,0,0.06,0.06,0,0,0,5,0,1,1,0,7,2,1,0,0,67,61,0,0,0,0,5,3,5,1,1,0,9,3,0,0,0.0,False
F009_ARS_CHE,whitfield_kai_ars_5,ARS,83,FB,0,0,0.02,0.2,1,0,0,2,2,0,3,3,2,6,2,0,0,48,40,1,0,2,1,2,1,5,2,1,1,5,3,0,0,0.0,False
F009_ARS_CHE,saka_kai_ars_6,ARS,79,FB,0,0,0.09,0.12,0,0,0,4,0,1,1,1,3,2,0,0,1,49,43,0,0,2,1,0,0,6,4,1,1,1,0,0,0,0.0,False
F009_ARS_CHE,toney_kalvin_ars_7,ARS,84,DM,1,0,0.05,0.06,0,0,1,6,0,0,2,0,2,7,0,0,1,55,49,2,1,0,0,3,2,4,1,1,0,6,2,0,0,0.0,False
F009_ARS_CHE,maguire_mason_ars_8,ARS,75,CM,0,0,0.06,0.02,1,0,1,2,1,0,1,0,0,2,1,1,2,26,22,2,1,0,0,2,1,2,1,0,0,1,0,0,0,0.0,False
F009_ARS_CHE,colwill_rico_ars_9,ARS,86,CM,0,0,0.21,0.1,1,0,3,2,3,0,1,0,0,5,0,1,1,51,43,1,1,1,0,2,1,2,1,0,0,5,4,0,0,0.0,False
F009_ARS_CHE,bright_ezri_ars_11,ARS,70,WING,0,0,0.34,0.24,1,0,1,1,2,0,0,0,1,3,1,1,2,24,19,3,1,0,0,1,0,2,0,3,1,1,1,0,0,0.0,False
F009_ARS_CHE,nkunku_tyrick_ars_12,ARS,87,WING,1,0,0.4,0.3,3,0,2,3,3,0,1,0,0,2,1,1,3,30,21,5,1,1,1,0,0,0,0,2,1,0,0,0,0,0.0,False
F009_ARS_CHE,iwobi_levi_ars_13,ARS,90,ST,0,0,0.53,0.2,3,1,1,1,1,0,1,0,0,4,0,0,2,19,12,3,1,1,1,4,2,6,2,1,1,0,0,0,0,0.0,False
F009_ARS_CHE,osei_mason_che_0,CHE,82,GK,0,0,0.05,0.1,0,0,0,4,0,0,0,0,3,1,0,0,0,19,16,0,0,0,0,0,0,1,1,0,0,6,2,3,0,0.24,True
F009_ARS_CHE,branthwaite_kai_che_2,CHE,88,CB,0,0,0.08,0.0,1,0,1,2,2,1,0,3,1,5,0,0,1,51,49,1,0,3,2,3,3,7,3,0,0,10,7,0,0,0.0,False
F009_ARS_CHE,palmer_conor_che_3,CHE,90,CB,0,0,0.07,0.05,0,1,1,5,0,0,2,0,2,5,0,0,0,65,55,0,0,1,0,3,3,2,1,0,0,8,6,0,0,0.0,False
F009_ARS_CHE,palmer_marcus_che_5,CHE,78,FB,0,0,0.12,0.14,0,0,1,1,2,0,1,1,3,3,0,0,1,39,34,1,1,0,0,1,1,3,3,1,0,0,0,0,0,0.0,False
F009_ARS_CHE,doran_reece_che_6,CHE,77,FB,0,0,0.06,0.0,0,1,3,1,1,2,1,1,3,4,1,0,0,36,30,3,0,1,1,1,1,5,1,3,2,1,0,0,0,0.0,False
F009_ARS_CHE,toney_ezri_che_7,CHE,86,DM,1,0,0.08,0.02,0,0,0,2,0,0,2,3,1,10,1,0,1,60,44,2,1,2,2,3,1,4,2,0,0,3,1,0,0,0.0,False
F009_ARS_CHE,konate_kai_che_8,CHE,78,CM,0,0,0.18,0.24,1,0,0,7,2,2,0,1,1,4,0,0,0,46,42,1,0,0,0,1,1,6,6,2,0,2,0,0,0,0.0,False
F009_ARS_CHE,palmer_bukayo_che_9,CHE,74,CM,1,0,0.15,0.13,0,0,2,3,1,0,0,1,4,1,0,0,0,38,27,1,0,3,3,0,0,2,1,0,0,0,0,0,0,0.0,False
F009_ARS_CHE,adeyemi_kalvin_che_11,CHE,90,WING,0,0,0.4,0.28,3,0,2,1,5,0,1,0,1,3,0,0,2,22,17,2,1,1,0,2,2,1,1,3,2,0,0,0,0,0.0,False
F009_ARS_CHE,maguire_emile_che_12,CHE,77,WING,0,0,0.26,0.22,2,0,1,1,2,0,0,0,0,1,0,0,1,19,12,2,1,1,1,0,0,1,0,5,3,0,0,0,0,0.0,False
F009_ARS_CHE,konate_levi_che_13,CHE,70,ST,3,0,0.37,0.22,5,2,0,0,1,0,0,0,0,3,0,0,3,20,13,3,2,0,0,2,1,5,4,0,0,0,0,0,0,0.0,False
F009_ARS_CHE,konate_cole_che_4,CHE,19,CB,0,0,0.0,0.0,0,0,0,4,0,0,1,0,2,0,0,0,0,8,8,0,0,0,0,2,2,1,1,0,0,1,1,0,0,0.0,False
F009_ARS_CHE,saka_declan_che_10,CHE,30,AM,0,0,0.13,0.04,0,0,3,1,0,0,0,0,0,3,0,0,0,17,14,1,1,2,0,0,0,0,0,0,0,1,0,0,0,0.0,False
F010_ARS_TOT,anderson_declan_ars_0,ARS,87,GK,0,0,0.09,0.09,0,0,0,0,1,0,1,0,9,1,0,0,0,32,27,2,1,0,0,0,0,1,1,0,0,4,2,6,1,0.91,False
F010_ARS_TOT,whitfield_curtis_ars_2,ARS,75,CB,0,0,0.03,0.0,0,0,0,3,1,0,0,2,6,2,0,0,0,26,24,0,0,2,1,4,3,1,0,0,0,3,1,0,0,0.0,False
F010_ARS_TOT,rice_cole_ars_3,ARS,90,CB,0,1,0.0,0.13,0,0,0,6,0,1,4,2,6,7,1,0,0,64,60,0,0,2,1,5,5,2,2,0,0,7,6,0,0,0.0,False
F010_ARS_TOT,whitfield_kai_ars_5,ARS,77,FB,0,1,0.07,0.1,0,0,3,5,3,0,1,0,3,4,0,0,2,35,29,1,0,1,1,0,0,3,3,6,3,5,3,0,0,0.0,False
F010_ARS_TOT,saka_kai_ars_6,ARS,87,FB,0,0,0.04,0.13,1,1,0,4,4,0,1,0,2,7,0,0,0,44,35,2,1,3,0,3,1,8,6,4,2,5,1,0,0,0.0,False
F010_ARS_TOT,toney_kalvin_ars_7,ARS,83,DM,0,0,0.04,0.2,0,1,0,6,1,0,3,0,1,9,0,0,0,74,65,0,0,2,2,0,0,11,6,1,0,3,2,0,0,0.0,False
F010_ARS_TOT,maguire_mason_ars_8,ARS,73,CM,0,0,0.19,0.06,1,1,1,6,0,0,1,1,0,5,2,0,2,31,29,0,0,1,0,0,0,6,3,0,0,0,0,0,0,0.0,False
F010_ARS_TOT,colwill_rico_ars_9,ARS,90,CM,0,0,0.21,0.17,1,0,0,4,4,0,0,1,2,7,0,0,1,51,43,2,1,3,1,1,0,6,4,0,0,2,1,0,0,0.0,False
F010_ARS_TOT,bright_ezri_ars_11,ARS,77,WING,2,0,0.36,0.3,0,1,1,4,9,0,2,0,1,3,0,0,1,21,18,4,1,0,0,0,0,2,2,2,1,0,0,0,0,0.0,False
F010_ARS_TOT,nkunku_tyrick_ars_12,ARS,79,WING,0,0,0.29,0.34,2,0,5,4,4,0,2,1,0,3,0,1,5,32,27,4,3,0,0,0,0,0,0,4,0,1,0,0,0,0.0,False
F010_ARS_TOT,iwobi_levi_ars_13,ARS,82,ST,2,0,0.46,0.13,2,3,1,0,1,0,0,0,0,0,0,0,1,19,14,0,0,1,0,2,2,2,0,0,0,1,1,0,0,0.0,False
F010_ARS_TOT,osei_declan_tot_0,TOT,76,GK,0,0,0.0,0.0,0,0,0,0,0,0,0,0,4,3,0,0,0,21,15,0,0,0,0,1,0,1,1,0,0,5,5,1,2,2.16,False
F010_ARS_TOT,colwill_reece_tot_2,TOT,90,CB,0,0,0.02,0.04,0,0,0,3,0,1,5,1,5,2,1,0,0,77,65,0,0,1,1,1,1,2,2,0,0,3,1,0,0,0.0,False
F010_ARS_TOT,colwill_ezri_tot_3,TOT,76,CB,0,0,0.0,0.03,0,0,0,0,1,1,1,1,2,2,1,0,0,52,51,0,0,2,1,3,0,3,2,0,0,7,5,0,0,0.0,False
F010_ARS_TOT,gordon_emile_tot_5,TOT,76,FB,0,0,0.06,0.13,1,0,0,2,2,0,0,1,4,6,1,1,0,39,30,1,0,1,0,1,1,4,3,5,0,2,1,0,0,0.0,False
F010_ARS_TOT,toney_mason_tot_6,TOT,84,FB,0,0,0.17,0.22,2,0,0,7,4,2,2,0,2,5,1,1,0,41,32,3,1,1,1,1,1,4,2,2,0,2,2,0,0,0.0,False
F010_ARS_TOT,iwobi_rasmus_tot_7,TOT,90,DM,0,0,0.07,0.14,0,1,0,3,2,0,2,1,0,7,0,0,0,54,42,0,0,4,3,0,0,5,3,0,0,4,1,0,0,0.0,False
F010_ARS_TOT,whitfield_bukayo_tot_8,TOT,82,CM,0,0,0.25,0.22,2,0,2,4,2,0,0,0,1,6,1,0,0,48,39,2,1,3,2,2,2,5,4,0,0,2,1,0,0,0.0,False
F010_ARS_TOT,doran_ezri_tot_9,TOT,81,CM,0,0,0.16,0.22,1,1,0,7,1,1,1,1,2,8,1,0,2,51,47,0,0,0,0,3,2,1,0,1,0,5,3,0,0,0.0,False
F010_ARS_TOT,konate_conor_tot_11,TOT,84,WING,0,0,0.36,0.3,2,1,4,2,3,0,1,0,0,0,0,0,5,33,28,3,1,1,0,0,0,0,0,5,0,1,1,0,0,0.0,False
F010_ARS_TOT,branthwaite_kalvin_tot_12,TOT,86,WING,0,0,0.38,0.27,1,0,1,1,4,0,0,0,0,2,0,1,0,37,30,9,4,0,0,0,0,1,0,1,1,1,0,0,0,0.0,False
F010_ARS_TOT,rice_rasmus_tot_13,TOT,85,ST,0,0,0.55,0.12,1,2,0,2,0,0,1,0,1,4,1,0,0,11,7,2,1,0,0,7,4,3,0,0,0,0,0,0,0,0.0,False
F011_ARS_NEW,anderson_declan_ars_0,ARS,85,GK,0,0,0.0,0.0,0,0,0,1,0,0,0,0,2,3,0,0,0,35,28,0,0,0,0,0,0,0,0,0,0,6,5,5,0,-0.18,True
F011_ARS_NEW,whitfield_curtis_ars_2,ARS,70,CB,0,0,0.05,0.03,1,0,1,0,1,0,0,0,1,3,0,0,0,36,32,0,0,1,1,5,5,2,1,1,0,3,1,0,0,0.0,False
F011_ARS_NEW,rice_cole_ars_3,ARS,76,CB,0,0,0.06,0.0,0,0,0,6,0,1,0,1,5,6,0,0,0,51,46,2,1,1,1,2,2,5,1,0,0,4,2,0,0,0.0,False
F011_ARS_NEW,whitfield_kai_ars_5,ARS,90,FB,0,0,0.0,0.19,0,0,0,2,2,0,0,1,0,4,0,1,2,52,43,4,3,2,1,1,1,2,1,4,2,2,1,0,0,0.0,False
F011_ARS_NEW,saka_kai_ars_6,ARS,81,FB,0,0,0.05,0.18,1,0,1,3,0,0,1,0,1,5,0,0,1,45,36,4,3,0,0,4,1,2,2,1,0,1,0,0,0,0.0,False
F011_ARS_NEW,toney_kalvin_ars_7,ARS,90,DM,0,0,0.08,0.05,0,0,0,10,1,2,5,1,3,9,0,0,0,64,58,1,0,3,3,0,0,2,1,0,0,7,4,0,0,0.0,False
F011_ARS_NEW,maguire_mason_ars_8,ARS,87,CM,0,0,0.1,0.07,1,0,1,1,1,0,0,0,1,3,1,0,0,39,35,4,3,0,0,1,0,3,2,0,0,4,4,0,0,0.0,False
F011_ARS_NEW,colwill_rico_ars_9,ARS,82,CM,0,0,0.15,0.19,1,0,0,9,0,0,1,2,2,5,0,0,0,51,46,1,1,2,2,2,1,2,0,0,0,4,0,0,0,0.0,False
F011_ARS_NEW,bright_ezri_ars_11,ARS,83,WING,0,0,0.37,0.3,5,0,3,4,4,0,0,0,0,4,0,0,2,35,22,6,2,1,1,0,0,0,0,1,0,0,0,0,0,0.0,False
F011_ARS_NEW,nkunku_tyrick_ars_12,ARS,83,WING,0,1,0.32,0.27,1,0,1,0,2,1,0,0,1,3,0,0,1,18,12,4,2,1,0,0,0,2,1,2,1,0,0,0,0,0.0,False
F011_ARS_NEW,iwobi_levi_ars_13,ARS,90,ST,2,0,0.4,0.09,4,0,1,3,0,0,0,1,0,1,1,0,4,17,11,2,1,0,0,8,6,2,2,1,0,0,0,0,0,0.0,False
F011_ARS_NEW,colwill_levi_ars_4,ARS,11,CB,0,0,0.0,0.0,0,0,0,1,0,1,0,0,0,1,0,0,0,4,4,0,0,0,0,1,1,2,1,0,0,2,2,0,0,0.0,False
F011_ARS_NEW,branthwaite_rasmus_new_0,NEW,82,GK,0,0,0.0,0.03,0,0,0,4,0,0,0,0,0,1,0,0,0,31,22,0,0,1,0,0,0,1,1,0,0,7,3,4,0,0.18,True
F011_ARS_NEW,doran_anthony_new_2,NEW,79,CB,0,0,0.01,0.0,0,0,0,2,0,0,2,0,6,3,1,0,0,26,22,0,0,0,0,4,3,4,4,0,0,3,1,0,0,0.0,False
F011_ARS_NEW,gvardiol_cole_new_3,NEW,76,CB,0,0,0.04,0.0,0,0,0,3,2,1,2,3,6,2,0,0,0,44,39,0,0,1,1,5,3,4,2,0,0,5,1,0,0,0.0,False
F011_ARS_NEW,nkunku_mason_new_5,NEW,83,FB,0,0,0.03,0.08,0,1,0,3,2,2,0,2,2,3,1,0,0,40,36,0,0,3,3,1,0,3,1,4,1,0,0,0,0,0.0,False
F011_ARS_NEW,branthwaite_tyrick_new_6,NEW,73,FB,0,0,0.07,0.15,1,0,0,1,4,0,1,0,0,4,1,0,1,46,37,1,1,1,1,2,1,2,0,2,0,4,2,0,0,0.0,False
F011_ARS_NEW,gordon_rico_new_7,NEW,90,DM,0,0,0.13,0.16,1,0,0,8,0,0,0,0,0,5,0,0,0,49,44,1,1,5,3,1,1,1,1,0,0,6,6,0,0,0.0,False
F011_ARS_NEW,marsh_cole_new_8,NEW,90,CM,0,0,0.08,0.26,1,0,1,6,3,0,1,0,6,5,0,0,2,53,39,3,3,3,2,1,1,3,1,1,0,6,5,0,0,0.0,False
F011_ARS_NEW,saka_reece_new_9,NEW,90,CM,0,0,0.24,0.25,1,1,2,6,3,0,2,0,0,6,1,0,3,51,43,1,0,2,0,2,1,4,2,0,0,3,0,0,0,0.0,False
F011_ARS_NEW,whitfield_rasmus_new_11,NEW,85,WING,0,0,0.28,0.3,1,0,1,1,4,1,1,0,0,2,1,0,5,30,19,5,1,0,0,1,0,0,0,5,1,1,0,0,0,0.0,False
F011_ARS_NEW,gvardiol_declan_new_12,NEW,84,WING,0,1,0.23,0.31,0,1,1,1,0,0,0,1,0,5,0,0,0,25,20,4,3,0,0,0,0,0,0,4,0,2,0,0,0,0.0,False
F011_ARS_NEW,nkunku_declan_new_13,NEW,78,ST,0,0,0.35,0.06,1,0,0,1,0,0,0,0,0,1,0,0,2,20,14,2,1,0,0,2,0,0,0,1,0,1,0,0,0,0.0,False
F011_ARS_NEW,whitfield_levi_new_4,NEW,4,CB,0,0,0.06,0.03,0,0,0,0,0,0,0,0,0,0,0,0,0,2,2,0,0,0,0,2,1,1,1,0,0,1,1,0,0,0.0,False
F012_ARS_BHA,anderson_declan_ars_0,ARS,82,GK,0,0,0.0,0.17,0,0,0,0,1,0,1,1,3,1,0,0,0,23,17,0,0,0,0,0,0,0,0,0,0,8,5,1,2,1.52,False
F012_ARS_BHA,whitfield_curtis_ars_2,ARS,90,CB,0,0,0.01,0.0,0,0,1,2,0,1,2,1,3,6,0,0,1,48,41,0,0,3,1,5,2,5,2,0,0,2,2,0,0,0.0,False
F012_ARS_BHA,rice_cole_ars_3,ARS,90,CB,0,0,0.12,0.0,0,0,0,5,1,1,2,2,9,2,1,0,1,62,54,1,1,4,3,2,0,8,4,0,0,2,0,0,0,0.0,False
F012_ARS_BHA,whitfield_kai_ars_5,ARS,74,FB,0,0,0.09,0.19,1,0,1,2,1,0,0,0,5,4,1,0,0,35,30,3,1,0,0,1,1,7,5,5,1,6,6,0,0,0.0,False
F012_ARS_BHA,saka_kai_ars_6,ARS,90,FB,0,0,0.07,0.17,0,0,1,2,1,2,0,0,2,7,0,0,0,46,41,2,1,3,3,0,0,2,2,5,1,4,3,0,0,0.0,False
F012_ARS_BHA,toney_kalvin_ars_7,ARS,90,DM,1,1,0.04,0.16,1,2,0,7,2,1,1,0,3,3,0,0,0,70,63,1,1,8,5,2,1,6,2,0,0,8,7,0,0,0.0,False
F012_ARS_BHA,maguire_mason_ars_8,ARS,90,CM,0,0,0.04,0.19,1,0,1,4,7,0,0,1,1,7,2,0,0,34,30,1,1,1,0,2,1,3,1,0,0,2,2,0,0,0.0,False
F012_ARS_BHA,colwill_rico_ars_9,ARS,71,CM,0,0,0.13,0.2,1,0,4,1,2,0,2,0,1,7,0,0,0,39,33,0,0,0,0,0,0,4,1,0,0,4,3,0,0,0.0,False
F012_ARS_BHA,bright_ezri_ars_11,ARS,86,WING,0,0,0.28,0.32,2,0,2,1,4,0,0,0,0,2,0,1,1,29,20,2,2,0,0,1,1,1,0,13,4,2,2,0,0,0.0,False
F012_ARS_BHA,nkunku_tyrick_ars_12,ARS,79,WING,0,0,0.39,0.24,2,0,3,2,4,0,1,1,0,3,0,0,2,25,18,2,2,2,1,0,0,2,1,2,1,0,0,0,0,0.0,False
F012_ARS_BHA,iwobi_levi_ars_13,ARS,90,ST,0,0,0.44,0.15,1,2,0,2,4,0,0,0,1,0,0,0,4,24,21,1,0,1,1,1,1,1,1,0,0,0,0,0,0,0.0,False
F012_ARS_BHA,colwill_levi_ars_4,ARS,14,CB,0,0,0.06,0.06,0,0,0,0,0,0,0,0,2,2,0,0,0,12,10,0,0,0,0,0,0,2,1,0,0,2,2,0,0,0.0,False
F012_ARS_BHA,nkunku_morgan_ars_10,ARS,35,AM,0,0,0.11,0.06,0,1,0,1,2,0,0,0,1,2,1,0,0,14,9,5,1,1,1,0,0,2,0,0,0,0,0,0,0,0.0,False
F012_ARS_BHA,saka_rasmus_bha_0,BHA,81,GK,0,0,0.1,0.0,0,0,0,3,1,0,0,0,3,2,1,0,0,30,29,0,0,0,0,0,0,1,0,0,0,6,6,3,2,1.71,False
F012_ARS_BHA,whitfield_emile_bha_2,BHA,84,CB,0,0,0.04,0.0,1,0,0,4,0,0,0,0,6,4,1,0,1,57,55,1,0,2,1,3,3,5,2,0,0,4,1,0,0,0.0,False
F012_ARS_BHA,havertz_james_bha_3,BHA,78,CB,0,0,0.11,0.04,0,1,0,3,2,0,1,1,5,4,2,0,0,55,42,0,0,4,2,4,4,2,1,0,0,4,3,0,0,0.0,False
F012_ARS_BHA,osei_ezri_bha_5,BHA,72,FB,0,1,0.02,0.19,0,0,1,2,0,0,0,0,1,0,0,0,0,40,35,2,2,0,0,1,1,2,2,4,0,7,5,0,0,0.0,False
F012_ARS_BHA,anderson_emile_bha_6,BHA,90,FB,0,1,0.04,0.18,0,1,2,3,3,2,1,0,5,6,0,0,0,41,34,0,0,2,1,0,0,4,3,3,2,3,0,0,0,0.0,False
F012_ARS_BHA,colwill_jarrad_bha_7,BHA,86,DM,0,0,0.02,0.15,1,0,1,2,0,0,2,0,1,4,1,1,0,34,27,1,1,0,0,0,0,5,2,1,1,0,0,0,0,0.0,False
F012_ARS_BHA,toney_kai_bha_8,BHA,82,CM,0,0,0.17,0.13,1,1,0,3,1,0,1,0,2,3,2,0,1,32,27,1,0,0,0,1,1,2,2,1,0,1,0,0,0,0.0,False
F012_ARS_BHA,osei_bukayo_bha_9,BHA,84,CM,0,0,0.1,0.14,1,0,1,6,4,1,0,1,1,3,2,1,0,52,42,2,2,2,1,4,2,5,1,1,0,2,1,0,0,0.0,False
F012_ARS_BHA,maguire_declan_bha_11,BHA,79,WING,0,0,0.52,0.39,3,3,1,3,2,0,0,0,0,3,4,0,4,24,24,4,1,0,0,1,0,1,0,0,0,3,2,0,0,0.0,False
F012_ARS_BHA,branthwaite_cole_bha_12,BHA,89,WING,1,0,0.39,0.45,4,1,2,0,7,0,0,0,0,2,1,0,2,28,22,4,3,1,1,1,1,3,2,5,2,1,0,0,0,0.0,False
F012_ARS_BHA,branthwaite_mason_bha_13,BHA,79,ST,0,1,0.61,0.11,4,3,1,1,3,0,1,1,0,0,1,0,8,25,23,1,0,0,0,3,1,1,0,1,0,0,0,0,0,0.0,False
F013_ARS_EVE,anderson_declan_ars_0,ARS,90,GK,0,0,0.0,0.02,0,0,0,3,0,0,0,0,3,4,0,0,0,30,22,1,0,0,0,0,0,2,0,0,0,5,3,3,1,1.52,False
F013_ARS_EVE,whitfield_curtis_ars_2,ARS,82,CB,0,0,0.0,0.0,0,0,0,5,1,0,2,2,4,3,0,0,2,35,30,2,1,0,0,3,3,2,2,0,0,6,3,0,0,0.0,False
F013_ARS_EVE,rice_cole_ars_3,ARS,74,CB,0,0,0.11,0.05,0,0,0,8,2,0,0,2,2,7,1,0,1,54,48,1,0,2,1,5,3,8,6,0,0,7,4,0,0,0.0,False
F013_ARS_EVE,whitfield_kai_ars_5,ARS,84,FB,0,0,0.06,0.19,0,1,1,4,3,1,1,0,2,5,0,0,2,41,31,2,0,3,3,0,0,4,3,3,1,4,3,0,0,0.0,False
F013_ARS_EVE,saka_kai_ars_6,ARS,90,FB,0,1,0.0,0.12,0,0,0,7,1,0,2,0,3,3,0,0,2,46,41,0,0,2,2,0,0,6,4,5,3,3,1,0,0,0.0,False
F013_ARS_EVE,toney_kalvin_ars_7,ARS,78,DM,0,0,0.1,0.13,0,0,1,6,2,0,1,1,1,2,0,1,0,57,49,2,2,1,1,1,1,2,1,0,0,2,1,0,0,0.0,False
F013_ARS_EVE,maguire_mason_ars_8,ARS,83,CM,0,0,0.17,0.11,3,1,1,5,1,0,1,1,1,11,0,0,0,30,29,1,1,1,1,1,0,2,0,0,0,2,1,0,0,0.0,False
F013_ARS_EVE,colwill_rico_ars_9,ARS,90,CM,0,1,0.24,0.19,3,0,1,3,1,1,2,0,0,4,2,0,0,50,42,2,2,3,1,1,0,5,4,2,1,3,0,0,0,0.0,False
F013_ARS_EVE,bright_ezri_ars_11,ARS,89,WING,0,0,0.35,0.26,5,0,4,3,5,0,0,0,0,3,0,0,1,30,22,7,5,1,0,0,0,2,2,6,4,1,1,0,0,0.0,False
F013_ARS_EVE,nkunku_tyrick_ars_12,ARS,85,WING,0,0,0.34,0.29,0,1,2,2,3,1,1,0,0,2,1,1,0,36,32,6,4,0,0,0,0,3,1,1,0,0,0,0,0,0.0,False
F013_ARS_EVE,iwobi_levi_ars_13,ARS,85,ST,1,1,0.42,0.12,0,1,1,0,2,0,0,0,0,1,0,0,3,12,7,0,0,0,0,2,2,4,3,0,0,1,0,0,0,0.0,False
F013_ARS_EVE,iwobi_bukayo_eve_0,EVE,88,GK,0,0,0.02,0.02,0,0,0,3,0,0,1,0,5,0,0,0,0,31,25,0,0,0,0,0,0,0,0,0,0,8,3,4,1,0.53,False
F013_ARS_EVE,iwobi_james_eve_2,EVE,88,CB,0,0,0.06,0.08,0,0,0,3,3,0,3,1,6,5,2,1,1,54,54,1,1,2,2,1,1,1,1,0,0,5,5,0,0,0.0,False
F013_ARS_EVE,palmer_ezri_eve_3,EVE,89,CB,0,1,0.06,0.01,0,0,0,1,0,1,0,2,2,1,1,0,0,47,30,0,0,0,0,4,1,3,1,0,0,7,2,0,0,0.0,False
F013_ARS_EVE,gordon_rasmus_eve_5,EVE,90,FB,0,0,0.05,0.0,0,0,2,1,2,2,4,1,2,4,2,0,2,54,41,5,3,1,0,2,0,3,2,6,2,2,1,0,0,0.0,False
F013_ARS_EVE,havertz_tyrick_eve_6,EVE,90,FB,0,0,0.0,0.13,0,0,1,6,1,0,1,1,2,4,1,0,1,54,24,3,2,2,2,0,0,5,3,4,1,4,3,0,0,0.0,False
F013_ARS_EVE,gvardiol_james_eve_7,EVE,89,DM,0,0,0.11,0.11,0,0,0,1,2,0,2,1,3,6,0,0,1,59,40,1,1,2,1,5,1,7,5,1,0,8,5,0,0,0.0,False
F013_ARS_EVE,palmer_kai_eve_8,EVE,90,CM,1,0,0.19,0.18,1,0,1,3,3,1,0,0,0,7,1,0,1,47,43,2,0,1,0,0,0,6,5,0,0,1,1,0,0,0.0,False
F013_ARS_EVE,palmer_rico_eve_9,EVE,82,CM,0,0,0.23,0.18,2,0,0,3,8,1,1,0,0,6,0,1,1,48,34,4,2,3,0,0,0,2,2,2,1,5,3,0,0,0.0,False
F013_ARS_EVE,havertz_declan_eve_11,EVE,90,WING,0,0,0.62,0.45,2,0,2,7,6,0,1,1,1,5,2,0,4,38,36,5,2,0,0,0,0,2,1,2,1,0,0,0,0,0.0,False
F013_ARS_EVE,whitfield_mason_eve_12,EVE,74,WING,1,0,0.37,0.35,2,0,1,3,4,1,0,0,0,3,3,0,2,28,22,1,1,1,1,0,0,1,1,4,1,2,0,0,0,0.0,False
F013_ARS_EVE,osei_marcus_eve_13,EVE,85,ST,0,0,0.3,0.09,0,1,0,1,1,0,1,0,0,0,0,0,1,20,8,1,1,1,0,4,1,3,1,1,0,0,0,0,0,0.0,False
F013_ARS_EVE,bright_levi_eve_10,EVE,9,AM,0,0,0.02,0.08,0,1,1,1,1,0,1,0,0,1,0,0,1,7,7,0,0,0,0,0,0,0,0,0,0,0,0,0,0,0.0,False
F014_LIV_CHE,doran_bukayo_liv_0,LIV,85,GK,0,0,0.0,0.0,0,0,0,1,0,0,0,0,5,4,0,0,0,22,16,0,0,0,0,0,0,0,0,0,0,4,4,1,2,1.99,False
F014_LIV_CHE,konate_ezri_liv_2,LIV,79,CB,0,0,0.01,0.07,0,1,0,5,2,0,1,0,3,6,1,0,0,62,54,2,0,0,0,7,1,4,0,0,0,4,4,0,0,0.0,False
F014_LIV_CHE,doran_jarrad_liv_3,LIV,77,CB,0,0,0.0,0.08,1,0,0,4,0,0,1,0,1,9,2,0,1,51,45,0,0,2,2,4,3,7,4,0,0,5,2,0,0,0.0,False
F014_LIV_CHE,gvardiol_bukayo_liv_5,LIV,87,FB,0,0,0.1,0.16,1,0,0,2,2,4,1,2,3,7,1,0,1,41,30,2,2,1,0,1,0,1,1,3,1,0,0,0,0,0.0,False
F014_LIV_CHE,konate_curtis_liv_6,LIV,84,FB,0,1,0.01,0.14,1,1,2,3,3,0,0,0,2,4,2,0,0,46,36,2,1,5,4,2,2,2,1,3,1,3,2,0,0,0.0,False
F014_LIV_CHE,gordon_ezri_liv_7,LIV,88,DM,0,0,0.15,0.1,3,0,3,7,2,0,2,3,0,5,1,1,2,78,73,1,0,0,0,0,0,2,1,0,0,9,3,0,0,0.0,False
F014_LIV_CHE,colwill_morgan_liv_8,LIV,83,CM,0,0,0.06,0.18,1,0,0,5,2,0,0,0,0,9,2,1,0,38,32,1,1,0,0,3,1,1,1,2,2,3,2,0,0,0.0,False
F014_LIV_CHE,toney_james_liv_9,LIV,86,CM,0,0,0.12,0.2,1,0,5,9,1,0,2,0,1,4,0,0,2,68,56,1,0,3,2,2,1,3,1,2,1,3,2,0,0,0.0,False
F014_LIV_CHE,havertz_rasmus_liv_11,LIV,85,WING,0,0,0.43,0.41,4,0,3,2,5,0,3,1,0,4,0,0,2,31,21,7,4,1,1,1,0,3,2,2,1,3,2,0,0,0.0,False
F014_LIV_CHE,whitfield_kalvin_liv_12,LIV,79,WING,0,0,0.34,0.33,1,1,1,4,6,0,0,0,0,5,1,0,5,22,17,2,2,1,1,0,0,1,1,3,0,0,0,0,0,0.0,False
F014_LIV_CHE,iwobi_ezri_liv_13,LIV,70,ST,1,0,0.46,0.09,2,0,1,0,0,0,0,0,0,2,0,0,5,13,11,1,1,0,0,3,2,1,1,0,0,1,1,0,0,0.0,False
F014_LIV_CHE,bright_curtis_liv_1,LIV,1,GK,0,0,0.0,0.0,0,0,0,0,0,0,0,0,0,0,0,0,0,0,0,0,0,0,0,0,0,0,0,0,0,1,0,0,0,-0.29,True
F014_LIV_CHE,osei_mason_che_0,CHE,87,GK,0,0,0.0,0.03,0,0,0,1,0,0,0,0,6,3,0,0,0,25,20,0,0,0,0,0,0,0,0,0,0,6,5,2,1,0.9,False
F014_LIV_CHE,branthwaite_kai_che_2,CHE,81,CB,0,0,0.0,0.0,1,0,0,5,3,0,3,1,4,1,0,0,0,44,42,0,0,0,0,2,1,3,3,0,0,6,6,0,0,0.0,False
F014_LIV_CHE,palmer_conor_che_3,CHE,90,CB,0,0,0.0,0.1,0,0,1,5,0,2,0,2,3,8,1,0,0,68,58,0,0,2,2,3,1,4,2,0,0,8,6,0,0,0.0,False
F014_LIV_CHE,palmer_marcus_che_5,CHE,90,FB,1,0,0.07,0.13,0,0,1,4,1,1,3,0,1,1,2,0,0,33,27,1,0,2,1,2,1,5,3,3,2,2,2,0,0,0.0,False
F014_LIV_CHE,doran_reece_che_6,CHE,75,FB,0,0,0.0,0.21,0,0,0,1,3,0,1,0,0,3,0,0,0,32,26,2,2,0,0,1,1,4,3,4,0,4,4,0,0,0.0,False
F014_LIV_CHE,toney_ezri_che_7,CHE,69,DM,1,0,0.0,0.1,0,0,0,4,0,0,0,1,1,4,1,0,1,41,34,1,1,2,1,1,1,4,3,0,0,7,3,0,0,0.0,False
F014_LIV_CHE,konate_kai_che_8,CHE,72,CM,0,0,0.14,0.17,2,0,1,5,0,0,0,0,1,6,0,1,0,40,37,2,0,0,0,0,0,4,4,1,1,4,3,0,0,0.0,False
F014_LIV_CHE,palmer_bukayo_che_9,CHE,90,CM,1,0,0.22,0.12,0,0,1,5,3,0,3,0,1,7,3,0,0,47,38,0,0,0,0,1,1,5,2,1,0,3,2,0,0,0.0,False
F014_LIV_CHE,adeyemi_kalvin_che_11,CHE,90,WING,0,0,0.33,0.38,0,1,1,2,3,0,1,0,0,1,0,0,2,32,26,3,2,0,0,1,0,3,0,4,2,1,1,0,0,0.0,False
F014_LIV_CHE,maguire_emile_che_12,CHE,86,WING,0,0,0.29,0.23,4,2,2,0,2,0,4,0,0,4,0,0,0,29,20,2,1,1,1,0,0,5,3,3,1,0,0,0,0,0.0,False
F014_LIV_CHE,konate_levi_che_13,CHE,90,ST,0,0,0.54,0.2,4,1,1,0,0,0,0,0,0,4,0,0,3,20,14,0,0,0,0,3,1,4,3,1,1,0,0,0,0,0.0,False
F014_LIV_CHE,gvardiol_curtis_che_1,CHE,33,GK,0,0,0.0,0.06,0,0,0,0,0,0,0,0,2,0,0,0,0,7,5,0,0,0,0,0,0,0,0,0,0,7,3,1,0,-0.0,True
F014_LIV_CHE,konate_cole_che_4,CHE,22,CB,0,0,0.03,0.0,0,0,0,3,0,0,1,0,0,1,0,0,0,13,13,0,0,2,2,1,0,2,1,0,0,1,1,0,0,0.0,False
F015_LIV_TOT,doran_bukayo_liv_0,LIV,90,GK,0,0,0.0,0.0,0,0,0,2,0,0,0,0,5,1,0,0,0,24,19,0,0,0,0,0,0,0,0,0,0,11,8,4,0,0.13,True
F015_LIV_TOT,konate_ezri_liv_2,LIV,90,CB,0,0,0.05,0.05,0,0,0,9,1,0,2,2,5,6,2,0,0,71,68,0,0,1,1,0,0,8,5,0,0,6,3,0,0,0.0,False
F015_LIV_TOT,doran_jarrad_liv_3,LIV,90,CB,0,0,0.12,0.0,0,0,0,3,1,0,0,0,6,7,0,0,1,66,59,0,0,4,2,2,2,3,2,1,1,10,6,0,0,0.0,False
F015_LIV_TOT,gvardiol_bukayo_liv_5,LIV,80,FB,0,0,0.1,0.12,1,0,2,4,0,2,1,0,3,5,0,0,2,53,41,3,1,3,2,1,0,6,4,6,1,1,1,0,0,0.0,False
F015_LIV_TOT,konate_curtis_liv_6,LIV,90,FB,0,0,0.1,0.21,2,1,2,3,3,1,0,1,3,4,4,0,1,45,37,3,2,4,1,1,0,6,4,5,2,6,4,0,0,0.0,False
F015_LIV_TOT,gordon_ezri_liv_7,LIV,90,DM,0,1,0.07,0.14,0,0,1,2,0,0,2,1,2,6,1,0,1,63,53,3,1,1,0,3,2,4,0,0,0,6,5,0,0,0.0,False
F015_LIV_TOT,colwill_morgan_liv_8,LIV,71,CM,0,1,0.1,0.12,0,0,0,5,0,0,1,1,1,3,1,0,1,40,35,2,1,2,1,0,0,4,1,0,0,4,3,0,0,0.0,False
F015_LIV_TOT,toney_james_liv_9,LIV,83,CM,1,0,0.21,0.17,0,0,1,5,1,0,4,2,1,5,3,0,1,54,47,3,2,2,1,1,0,0,0,0,0,2,2,0,0,0.0,False
F015_LIV_TOT,havertz_rasmus_liv_11,LIV,81,WING,0,0,0.34,0.35,2,1,4,4,7,0,3,0,0,3,0,0,3,33,26,6,3,1,1,2,1,3,2,5,2,0,0,0,0,0.0,False
F015_LIV_TOT,whitfield_kalvin_liv_12,LIV,88,WING,0,0,0.35,0.35,1,1,1,1,4,0,0,0,0,6,2,0,4,32,23,5,4,2,1,0,0,5,2,1,0,1,0,0,0,0.0,False
F015_LIV_TOT,iwobi_ezri_liv_13,LIV,90,ST,1,0,0.39,0.12,4,0,2,1,1,0,0,0,0,2,0,0,6,12,9,2,2,0,0,2,1,3,0,1,1,1,0,0,0,0.0,False
F015_LIV_TOT,osei_declan_tot_0,TOT,90,GK,0,0,0.0,0.02,0,0,0,4,0,0,0,0,5,4,0,0,0,32,29,0,0,0,0,0,0,0,0,0,0,9,8,5,1,1.05,False
F015_LIV_TOT,colwill_reece_tot_2,TOT,90,CB,0,0,0.0,0.07,1,0,0,1,1,1,1,1,5,6,0,0,1,58,41,0,0,2,1,5,4,5,3,0,0,4,2,0,0,0.0,False
F015_LIV_TOT,colwill_ezri_tot_3,TOT,83,CB,0,0,0.05,0.07,1,0,0,4,0,0,4,1,5,2,0,0,0,46,44,0,0,1,1,0,0,4,3,0,0,6,3,0,0,0.0,False
F015_LIV_TOT,gordon_emile_tot_5,TOT,90,FB,0,1,0.08,0.15,1,0,1,0,0,1,1,2,0,4,0,1,1,42,26,3,1,4,2,1,0,3,2,2,1,1,1,0,0,0.0,False
F015_LIV_TOT,toney_mason_tot_6,TOT,84,FB,0,1,0.17,0.17,0,0,0,2,1,0,2,1,2,8,0,0,1,40,32,0,0,2,1,0,0,3,1,3,1,3,0,0,0,0.0,False
F015_LIV_TOT,iwobi_rasmus_tot_7,TOT,82,DM,0,0,0.0,0.09,0,0,1,3,0,0,1,0,1,3,1,0,0,48,38,1,0,0,0,1,0,3,1,0,0,3,2,0,0,0.0,False
F015_LIV_TOT,whitfield_bukayo_tot_8,TOT,90,CM,0,0,0.19,0.21,0,0,0,8,2,0,2,1,2,8,2,0,1,53,46,0,0,1,0,2,1,5,3,2,1,7,3,0,0,0.0,False
F015_LIV_TOT,doran_ezri_tot_9,TOT,78,CM,0,1,0.18,0.19,0,0,2,4,2,0,3,2,0,6,1,1,0,55,53,3,3,0,0,0,0,4,1,1,0,3,2,0,0,0.0,False
F015_LIV_TOT,konate_conor_tot_11,TOT,72,WING,0,1,0.24,0.32,1,0,1,3,2,0,0,0,0,0,0,0,3,28,20,5,3,0,0,0,0,3,1,2,0,0,0,0,0,0.0,False
F015_LIV_TOT,branthwaite_kalvin_tot_12,TOT,87,WING,0,0,0.32,0.28,1,2,1,2,6,0,0,0,1,5,0,1,2,22,11,7,4,1,1,0,0,2,1,5,2,0,0,0,0,0.0,False
F015_LIV_TOT,rice_rasmus_tot_13,TOT,90,ST,0,0,0.47,0.2,4,1,1,2,3,0,0,0,0,1,0,0,3,22,12,0,0,0,0,2,0,3,1,1,0,1,0,0,0,0.0,False
F016_LIV_NEW,doran_bukayo_liv_0,LIV,88,GK,0,0,0.0,0.02,0,0,0,2,0,0,0,0,2,0,0,0,0,31,21,1,0,1,1,0,0,2,0,0,0,12,10,4,1,1.65,False
F016_LIV_NEW,konate_ezri_liv_2,LIV,80,CB,0,0,0.11,0.04,1,0,0,5,1,0,1,0,4,6,0,0,0,70,63,0,0,0,0,1,1,5,5,0,0,10,5,0,0,0.0,False
F016_LIV_NEW,doran_jarrad_liv_3,LIV,86,CB,0,0,0.0,0.06,0,0,0,5,0,0,1,0,4,5,0,0,2,70,60,1,1,2,2,3,1,9,6,1,0,6,4,0,0,0.0,False
F016_LIV_NEW,gvardiol_bukayo_liv_5,LIV,86,FB,0,0,0.11,0.16,1,0,0,4,3,3,0,1,6,2,0,0,0,53,39,0,0,2,1,2,0,6,4,2,0,3,0,0,0,0.0,False
F016_LIV_NEW,konate_curtis_liv_6,LIV,88,FB,0,0,0.13,0.15,0,1,2,6,2,1,0,1,2,9,2,0,0,49,37,0,0,2,2,1,0,4,3,4,1,5,3,0,0,0.0,False
F016_LIV_NEW,gordon_ezri_liv_7,LIV,81,DM,0,0,0.11,0.09,0,1,3,4,0,1,2,1,1,9,1,0,0,64,58,0,0,6,6,0,0,1,1,1,0,5,4,0,0,0.0,False
F016_LIV_NEW,colwill_morgan_liv_8,LIV,80,CM,0,0,0.15,0.2,1,1,1,3,0,0,1,1,1,2,0,1,1,38,34,1,1,0,0,1,0,6,3,0,0,3,1,0,0,0.0,False
F016_LIV_NEW,toney_james_liv_9,LIV,84,CM,0,0,0.29,0.24,1,0,3,4,3,0,1,1,1,2,0,1,1,68,61,0,0,2,1,0,0,6,3,1,0,3,1,0,0,0.0,False
F016_LIV_NEW,havertz_rasmus_liv_11,LIV,87,WING,0,0,0.41,0.31,1,0,1,3,4,0,0,0,0,1,0,1,4,30,22,3,2,0,0,0,0,3,0,4,0,0,0,0,0,0.0,False
F016_LIV_NEW,whitfield_kalvin_liv_12,LIV,82,WING,0,0,0.26,0.28,0,0,3,1,6,0,0,0,0,3,0,0,2,37,31,4,2,0,0,1,0,2,1,2,0,0,0,0,0,0.0,False
F016_LIV_NEW,iwobi_ezri_liv_13,LIV,87,ST,0,0,0.41,0.18,4,2,1,3,2,0,0,0,0,1,1,0,6,29,22,1,1,0,0,2,1,2,2,1,0,1,0,0,0,0.0,False
F016_LIV_NEW,bright_curtis_liv_1,LIV,31,GK,0,0,0.0,0.0,0,0,0,0,0,0,0,0,1,1,0,0,0,9,6,0,0,0,0,0,0,0,0,0,0,2,0,0,2,2.41,False
F016_LIV_NEW,branthwaite_conor_liv_4,LIV,21,CB,0,0,0.03,0.0,0,0,0,1,0,0,1,0,3,0,0,0,0,10,8,0,0,1,0,1,0,1,1,0,0,0,0,0,0,0.0,False
F016_LIV_NEW,palmer_curtis_liv_10,LIV,9,AM,0,0,0.1,0.01,1,0,0,0,0,0,0,0,0,1,0,0,0,1,1,1,1,0,0,0,0,0,0,0,0,0,0,0,0,0.0,False
F016_LIV_NEW,branthwaite_rasmus_new_0,NEW,88,GK,0,0,0.07,0.0,0,0,0,0,0,0,1,1,7,1,0,0,0,31,26,0,0,0,0,0,0,2,1,0,0,9,4,4,0,-0.08,True
F016_LIV_NEW,doran_anthony_new_2,NEW,85,CB,0,0,0.05,0.0,0,0,0,3,2,0,1,0,2,1,2,0,0,53,48,0,0,1,1,1,1,7,4,0,0,6,6,0,0,0.0,False
F016_LIV_NEW,gvardiol_cole_new_3,NEW,90,CB,0,0,0.09,0.07,0,0,0,3,1,1,1,1,10,8,1,0,1,67,56,0,0,3,1,3,2,3,1,0,0,6,5,0,0,0.0,False
F016_LIV_NEW,nkunku_mason_new_5,NEW,78,FB,1,0,0.08,0.14,2,0,1,4,4,2,4,0,4,4,0,0,0,54,47,0,0,2,1,0,0,2,0,2,1,0,0,0,0,0.0,False
F016_LIV_NEW,branthwaite_tyrick_new_6,NEW,90,FB,0,0,0.07,0.16,0,0,0,6,2,0,2,0,3,6,2,1,3,49,30,1,1,1,1,0,0,3,1,2,0,4,2,0,0,0.0,False
F016_LIV_NEW,gordon_rico_new_7,NEW,82,DM,0,0,0.05,0.0,0,1,0,5,1,0,6,0,1,3,0,0,1,39,33,0,0,0,0,2,2,4,3,0,0,5,2,0,0,0.0,False
F016_LIV_NEW,marsh_cole_new_8,NEW,86,CM,0,0,0.23,0.2,2,0,1,7,4,0,1,1,1,9,1,0,1,65,56,2,1,2,2,0,0,1,1,0,0,1,0,0,0,0.0,False
F016_LIV_NEW,saka_reece_new_9,NEW,88,CM,0,0,0.2,0.16,1,0,1,4,2,0,3,0,3,6,1,1,5,64,59,2,0,2,1,1,1,5,2,0,0,5,2,0,0,0.0,False
F016_LIV_NEW,whitfield_rasmus_new_11,NEW,75,WING,0,0,0.29,0.18,1,2,3,2,3,0,0,0,0,2,0,0,2,22,12,2,1,0,0,0,0,1,0,2,1,0,0,0,0,0.0,False
F016_LIV_NEW,gvardiol_declan_new_12,NEW,77,WING,0,0,0.23,0.2,1,0,2,3,3,0,0,0,0,4,0,0,3,20,15,5,2,1,0,0,0,1,1,1,0,0,0,0,0,0.0,False
F016_LIV_NEW,nkunku_declan_new_13,NEW,90,ST,0,0,0.49,0.17,6,3,2,0,0,0,1,0,0,5,0,0,3,20,16,0,0,1,1,3,2,5,3,0,0,0,0,0,0,0.0,False
F016_LIV_NEW,iwobi_anthony_new_1,NEW,22,GK,0,0,0.02,0.0,0,0,0,2,0,0,0,0,2,2,0,0,0,9,5,0,0,0,0,0,0,0,0,0,0,2,0,1,0,0.09,True
F017_LIV_BHA,doran_bukayo_liv_0,LIV,84,GK,0,0,0.0,0.02,0,0,0,1,1,0,0,0,6,1,0,0,0,19,17,0,0,0,0,0,0,0,0,0,0,9,7,2,0,0.45,True
F017_LIV_BHA,konate_ezri_liv_2,LIV,79,CB,0,0,0.0,0.01,2,0,0,2,0,0,1,2,3,5,1,0,0,57,51,1,1,2,1,6,3,3,2,0,0,4,3,0,0,0.0,False
F017_LIV_BHA,doran_jarrad_liv_3,LIV,89,CB,0,0,0.11,0.09,1,0,0,3,1,0,2,0,5,5,1,0,0,58,55,0,0,4,2,0,0,6,2,0,0,11,6,0,0,0.0,False
F017_LIV_BHA,gvardiol_bukayo_liv_5,LIV,86,FB,0,0,0.07,0.11,0,0,2,6,4,1,1,1,5,2,0,0,0,41,36,1,1,1,1,1,1,4,2,3,2,3,2,0,0,0.0,False
F017_LIV_BHA,konate_curtis_liv_6,LIV,80,FB,1,2,0.13,0.2,0,0,1,4,0,1,2,0,2,6,2,1,2,51,43,0,0,0,0,0,0,2,2,1,0,8,3,0,0,0.0,False
F017_LIV_BHA,gordon_ezri_liv_7,LIV,78,DM,0,0,0.11,0.13,1,0,1,6,2,0,2,1,0,6,0,0,1,55,49,1,1,1,0,3,1,2,2,0,0,2,1,0,0,0.0,False
F017_LIV_BHA,colwill_morgan_liv_8,LIV,78,CM,0,1,0.24,0.09,1,0,0,3,2,0,0,0,1,4,2,0,1,45,40,2,2,1,1,2,0,6,6,1,0,4,3,0,0,0.0,False
F017_LIV_BHA,toney_james_liv_9,LIV,87,CM,0,0,0.11,0.22,3,2,1,4,2,0,1,1,0,2,0,0,2,66,59,0,0,0,0,0,0,9,2,1,0,8,3,0,0,0.0,False
F017_LIV_BHA,havertz_rasmus_liv_11,LIV,83,WING,0,1,0.37,0.44,4,2,1,4,5,0,0,2,0,2,2,0,1,34,32,10,3,0,0,0,0,3,0,4,1,0,0,0,0,0.0,False
F017_LIV_BHA,whitfield_kalvin_liv_12,LIV,90,WING,0,0,0.37,0.28,3,1,3,4,4,0,1,0,0,4,1,0,2,33,24,3,2,1,0,0,0,2,2,5,2,0,0,0,0,0.0,False
F017_LIV_BHA,iwobi_ezri_liv_13,LIV,73,ST,0,0,0.45,0.13,1,0,1,2,0,0,0,0,0,2,0,0,4,15,11,3,1,0,0,3,1,4,2,0,0,1,1,0,0,0.0,False
F017_LIV_BHA,bright_curtis_liv_1,LIV,29,GK,0,0,0.0,0.04,0,0,0,2,0,0,1,0,0,1,0,0,0,10,10,0,0,1,1,0,0,0,0,0,0,3,1,1,0,-0.08,True
F017_LIV_BHA,saka_rasmus_bha_0,BHA,90,GK,0,0,0.0,0.0,0,0,0,1,0,0,0,0,6,6,0,0,0,27,26,0,0,0,0,1,1,1,1,0,0,6,4,0,2,1.55,False
F017_LIV_BHA,whitfield_emile_bha_2,BHA,83,CB,0,0,0.01,0.0,0,0,0,6,1,0,1,1,9,4,2,0,1,46,44,2,1,2,1,2,2,3,3,1,0,5,3,0,0,0.0,False
F017_LIV_BHA,havertz_james_bha_3,BHA,90,CB,0,0,0.02,0.04,1,0,1,5,1,0,3,0,0,3,1,0,1,60,44,0,0,4,4,4,2,5,3,1,0,5,3,0,0,0.0,False
F017_LIV_BHA,osei_ezri_bha_5,BHA,90,FB,0,0,0.12,0.17,0,0,0,4,3,1,0,0,3,8,0,0,1,47,42,1,0,2,1,1,1,8,6,2,1,8,7,0,0,0.0,False
F017_LIV_BHA,anderson_emile_bha_6,BHA,66,FB,0,0,0.03,0.15,0,0,1,2,2,1,2,0,1,3,0,0,0,44,35,2,2,2,1,1,1,3,3,4,0,5,2,0,0,0.0,False
F017_LIV_BHA,colwill_jarrad_bha_7,BHA,80,DM,0,0,0.04,0.11,1,1,2,1,2,0,1,0,1,5,2,1,0,49,42,2,2,3,3,1,0,3,2,0,0,1,1,0,0,0.0,False
F017_LIV_BHA,toney_kai_bha_8,BHA,90,CM,0,0,0.14,0.2,2,1,0,5,2,0,3,0,0,6,2,0,0,27,22,1,1,3,1,0,0,5,1,0,0,2,1,0,0,0.0,False
F017_LIV_BHA,osei_bukayo_bha_9,BHA,77,CM,0,0,0.21,0.07,0,0,3,4,1,0,3,0,1,5,2,1,0,42,36,2,1,0,0,2,2,2,2,0,0,2,1,0,0,0.0,False
F017_LIV_BHA,maguire_declan_bha_11,BHA,90,WING,0,0,0.51,0.57,8,0,4,2,7,0,1,1,0,3,0,0,4,29,29,2,2,2,0,0,0,1,1,8,3,1,0,0,0,0.0,False
F017_LIV_BHA,branthwaite_cole_bha_12,BHA,90,WING,0,1,0.41,0.4,4,2,3,8,4,0,1,0,0,4,0,0,4,37,34,7,6,2,2,0,0,5,4,3,0,0,0,0,0,0.0,False
F017_LIV_BHA,branthwaite_mason_bha_13,BHA,90,ST,1,0,0.6,0.23,3,1,2,3,1,0,0,0,1,2,2,0,4,26,20,5,3,3,1,4,3,3,2,0,0,1,1,0,0,0.0,False
F017_LIV_BHA,branthwaite_rico_bha_4,BHA,25,CB,0,0,0.04,0.02,0,0,0,2,0,0,0,1,2,2,0,0,1,20,19,0,0,0,0,2,2,1,1,0,0,5,5,0,0,0.0,False
F018_LIV_EVE,doran_bukayo_liv_0,LIV,85,GK,0,0,0.0,0.0,0,0,0,2,0,0,1,0,1,1,0,0,0,29,20,0,0,0,0,0,0,0,0,0,0,10,7,2,0,0.01,True
F018_LIV_EVE,konate_ezri_liv_2,LIV,79,CB,1,0,0.12,0.08,1,0,0,2,1,0,3,0,6,2,1,0,0,59,52,0,0,0,0,3,2,1,1,0,0,4,1,0,0,0.0,False
F018_LIV_EVE,doran_jarrad_liv_3,LIV,71,CB,0,0,0.03,0.0,1,0,1,4,1,1,2,2,2,5,1,0,1,55,50,0,0,4,2,5,4,3,1,1,0,6,4,0,0,0.0,False
F018_LIV_EVE,gvardiol_bukayo_liv_5,LIV,90,FB,0,0,0.0,0.1,1,0,1,5,5,0,2,0,0,5,1,0,2,52,43,1,1,4,2,1,1,11,7,2,1,5,2,0,0,0.0,False
F018_LIV_EVE,konate_curtis_liv_6,LIV,74,FB,0,0,0.12,0.16,1,0,1,2,4,1,0,1,2,2,2,0,0,38,31,0,0,5,3,0,0,2,2,2,0,2,2,0,0,0.0,False
F018_LIV_EVE,gordon_ezri_liv_7,LIV,79,DM,0,1,0.05,0.06,0,0,1,3,1,0,0,1,2,8,1,0,0,60,55,1,0,2,1,2,2,4,2,1,0,2,1,0,0,0.0,False
F018_LIV_EVE,colwill_morgan_liv_8,LIV,86,CM,0,0,0.21,0.15,0,0,4,8,0,1,2,0,2,5,2,0,2,40,30,0,0,3,2,1,1,5,4,1,0,1,1,0,0,0.0,False
F018_LIV_EVE,toney_james_liv_9,LIV,89,CM,1,0,0.18,0.21,0,0,0,4,4,0,1,2,0,10,1,0,4,65,54,3,2,3,2,1,1,3,2,0,0,9,7,0,0,0.0,False
F018_LIV_EVE,havertz_rasmus_liv_11,LIV,83,WING,0,1,0.44,0.25,3,2,0,4,4,0,0,0,0,3,0,0,6,32,26,1,1,0,0,1,1,4,1,2,0,0,0,0,0,0.0,False
F018_LIV_EVE,whitfield_kalvin_liv_12,LIV,81,WING,0,0,0.29,0.34,3,1,1,5,2,0,0,1,1,2,0,1,3,26,19,6,3,1,0,0,0,0,0,2,0,1,0,0,0,0.0,False
F018_LIV_EVE,iwobi_ezri_liv_13,LIV,90,ST,1,0,0.6,0.23,2,3,1,1,1,0,0,0,0,2,0,0,6,13,9,2,0,1,0,5,3,2,1,0,0,1,1,0,0,0.0,False
F018_LIV_EVE,palmer_curtis_liv_10,LIV,19,AM,0,0,0.06,0.0,0,2,0,2,1,0,0,0,0,0,0,1,0,6,5,0,0,1,1,0,0,0,0,2,1,0,0,0,0,0.0,False
F018_LIV_EVE,iwobi_bukayo_eve_0,EVE,78,GK,0,0,0.02,0.0,0,0,0,1,0,0,1,0,3,1,0,0,0,33,24,0,0,0,0,0,0,1,1,0,0,6,3,2,3,3.07,False
F018_LIV_EVE,iwobi_james_eve_2,EVE,89,CB,0,0,0.13,0.02,0,0,0,7,2,1,4,2,6,2,0,0,0,56,55,0,0,1,1,2,1,12,10,0,0,5,4,0,0,0.0,False
F018_LIV_EVE,palmer_ezri_eve_3,EVE,86,CB,1,0,0.01,0.0,0,0,0,3,1,1,0,1,7,1,2,0,2,40,25,1,1,2,1,4,1,5,3,0,0,4,1,0,0,0.0,False
F018_LIV_EVE,gordon_rasmus_eve_5,EVE,90,FB,0,0,0.1,0.15,1,0,2,8,3,1,1,1,4,4,1,0,0,48,32,2,1,1,1,1,0,4,1,4,0,1,0,0,0,0.0,False
F018_LIV_EVE,havertz_tyrick_eve_6,EVE,70,FB,0,0,0.1,0.12,1,0,1,0,3,1,1,1,1,3,1,0,0,43,29,1,0,1,0,1,0,7,2,2,1,0,0,0,0,0.0,False
F018_LIV_EVE,gvardiol_james_eve_7,EVE,75,DM,0,1,0.09,0.1,0,1,0,3,0,0,0,0,0,4,0,0,1,40,28,0,0,0,0,0,0,7,4,0,0,7,4,0,0,0.0,False
F018_LIV_EVE,palmer_kai_eve_8,EVE,79,CM,0,0,0.1,0.13,1,0,2,6,2,0,3,0,1,3,0,0,0,33,29,2,2,2,1,0,0,4,3,0,0,1,1,0,0,0.0,False
F018_LIV_EVE,palmer_rico_eve_9,EVE,90,CM,0,1,0.17,0.24,2,2,0,7,3,0,2,1,2,4,0,0,1,53,40,2,2,2,1,1,0,7,2,0,0,3,2,0,0,0.0,False
F018_LIV_EVE,havertz_declan_eve_11,EVE,81,WING,0,0,0.44,0.47,4,0,2,3,14,0,0,0,0,5,1,0,2,37,36,2,1,0,0,1,1,1,1,2,1,0,0,0,0,0.0,False
F018_LIV_EVE,whitfield_mason_eve_12,EVE,83,WING,0,0,0.38,0.29,0,1,2,4,4,0,1,1,0,3,0,0,1,41,28,6,3,1,1,0,0,2,1,5,3,2,1,0,0,0.0,False
F018_LIV_EVE,osei_marcus_eve_13,EVE,80,ST,0,0,0.3,0.11,1,0,0,1,0,0,0,0,0,2,1,0,0,13,8,0,0,0,0,3,1,0,0,1,0,0,0,0,0,0.0,False
F018_LIV_EVE,bright_levi_eve_10,EVE,31,AM,0,0,0.21,0.2,2,1,2,4,3,0,0,0,0,1,1,0,0,19,19,0,0,0,0,0,0,3,3,0,0,1,0,0,0,0.0,False
F019_CHE_TOT,osei_mason_che_0,CHE,86,GK,0,0,0.0,0.03,0,0,0,1,0,0,2,0,4,3,0,0,0,18,14,0,0,0,0,0,0,1,0,0,0,8,5,1,0,-0.26,True
F019_CHE_TOT,branthwaite_kai_che_2,CHE,87,CB,0,0,0.14,0.02,0,0,0,3,1,0,3,0,4,0,1,0,2,57,54,1,0,1,1,11,9,2,1,1,0,3,2,0,0,0.0,False
F019_CHE_TOT,palmer_conor_che_3,CHE,81,CB,0,0,0.09,0.03,1,0,1,4,2,0,3,0,10,5,0,0,0,52,39,0,0,0,0,3,3,4,3,1,0,7,3,0,0,0.0,False
F019_CHE_TOT,palmer_marcus_che_5,CHE,85,FB,0,1,0.07,0.07,0,0,0,2,1,0,1,0,4,4,0,0,2,46,41,2,0,2,2,1,0,2,1,0,0,2,2,0,0,0.0,False
F019_CHE_TOT,doran_reece_che_6,CHE,80,FB,0,0,0.1,0.18,0,0,0,5,2,1,1,2,3,10,1,0,0,32,26,0,0,1,1,0,0,3,2,1,0,1,0,0,0,0.0,False
F019_CHE_TOT,toney_ezri_che_7,CHE,77,DM,0,1,0.07,0.0,0,0,1,6,0,0,2,4,1,6,2,0,0,58,50,1,0,3,1,0,0,9,5,1,1,6,4,0,0,0.0,False
F019_CHE_TOT,konate_kai_che_8,CHE,79,CM,0,1,0.08,0.16,1,1,2,2,2,0,2,2,0,7,0,0,0,44,40,1,0,2,1,2,1,1,0,3,0,3,2,0,0,0.0,False
F019_CHE_TOT,palmer_bukayo_che_9,CHE,90,CM,0,0,0.19,0.22,2,1,1,4,1,0,0,1,0,3,2,1,1,41,35,2,0,1,1,1,0,4,3,0,0,1,1,0,0,0.0,False
F019_CHE_TOT,adeyemi_kalvin_che_11,CHE,78,WING,0,0,0.29,0.3,3,2,3,2,1,0,1,0,0,3,0,0,1,29,26,8,6,0,0,0,0,2,2,2,1,1,1,0,0,0.0,False
F019_CHE_TOT,maguire_emile_che_12,CHE,78,WING,1,0,0.39,0.25,1,0,3,2,4,0,2,0,1,0,0,0,3,36,28,1,1,0,0,0,0,0,0,4,1,0,0,0,0,0.0,False
F019_CHE_TOT,konate_levi_che_13,CHE,86,ST,2,1,0.59,0.21,4,0,1,0,1,0,0,0,0,1,2,1,7,23,15,1,1,1,0,0,0,2,2,0,0,0,0,0,0,0.0,False
F019_CHE_TOT,gvardiol_curtis_che_1,CHE,16,GK,0,0,0.0,0.06,0,0,0,0,0,0,0,0,1,0,0,0,0,4,3,0,0,0,0,0,0,0,0,0,0,0,0,1,0,-0.41,True
F019_CHE_TOT,osei_declan_tot_0,TOT,76,GK,0,0,0.0,0.0,0,0,0,1,0,0,0,0,6,2,0,0,0,20,16,0,0,0,0,0,0,1,1,0,0,5,5,4,0,-0.09,True
F019_CHE_TOT,colwill_reece_tot_2,TOT,90,CB,0,0,0.06,0.0,0,0,1,2,0,0,2,1,3,3,1,0,1,72,61,0,0,2,2,4,4,6,4,0,0,9,4,0,0,0.0,False
F019_CHE_TOT,colwill_ezri_tot_3,TOT,89,CB,0,0,0.0,0.16,0,0,0,6,0,1,2,1,6,2,1,0,0,75,68,1,1,2,2,4,2,4,2,0,0,12,11,0,0,0.0,False
F019_CHE_TOT,gordon_emile_tot_5,TOT,85,FB,0,0,0.05,0.13,0,0,0,4,5,0,2,0,2,3,1,0,0,57,44,3,1,3,2,0,0,3,1,2,1,4,0,0,0,0.0,False
F019_CHE_TOT,toney_mason_tot_6,TOT,80,FB,0,0,0.08,0.23,1,0,1,4,2,0,0,0,4,3,2,0,1,48,39,1,1,1,0,0,0,1,0,2,0,5,3,0,0,0.0,False
F019_CHE_TOT,iwobi_rasmus_tot_7,TOT,84,DM,0,0,0.06,0.07,1,0,0,2,2,0,1,1,2,2,1,0,0,47,44,1,1,1,0,1,1,4,3,0,0,5,1,0,0,0.0,False
F019_CHE_TOT,whitfield_bukayo_tot_8,TOT,90,CM,0,0,0.12,0.22,4,0,0,6,0,1,0,2,1,7,1,0,3,44,36,1,0,1,1,0,0,7,2,1,1,1,1,0,0,0.0,False
F019_CHE_TOT,doran_ezri_tot_9,TOT,77,CM,0,1,0.19,0.18,1,1,1,5,0,0,2,0,1,5,0,2,2,48,41,2,2,2,2,1,0,3,1,0,0,4,3,0,0,0.0,False
F019_CHE_TOT,konate_conor_tot_11,TOT,86,WING,0,1,0.34,0.32,5,1,0,5,3,0,0,1,0,2,1,0,5,26,20,6,5,2,1,0,0,1,0,4,1,0,0,0,0,0.0,False
F019_CHE_TOT,branthwaite_kalvin_tot_12,TOT,86,WING,0,0,0.36,0.24,2,1,1,2,2,0,0,0,0,4,0,0,0,35,27,3,2,0,0,1,1,2,1,4,2,0,0,0,0,0.0,False
F019_CHE_TOT,rice_rasmus_tot_13,TOT,84,ST,0,0,0.43,0.09,4,1,2,0,2,0,0,0,0,3,1,1,1,14,8,2,2,0,0,3,0,3,1,0,0,0,0,0,0,0.0,False
F019_CHE_TOT,rice_ezri_tot_10,TOT,10,AM,0,0,0.07,0.0,0,0,0,1,0,0,1,0,0,0,0,0,0,2,2,0,0,0,0,0,0,0,0,0,0,0,0,0,0,0.0,False
F020_CHE_NEW,osei_mason_che_0,CHE,66,GK,0,0,0.0,0.09,0,0,0,2,1,0,0,0,2,4,0,0,0,24,22,0,0,0,0,0,0,0,0,0,0,7,5,4,1,0.93,False
F020_CHE_NEW,branthwaite_kai_che_2,CHE,90,CB,0,0,0.0,0.0,0,0,0,4,0,1,1,1,7,3,0,0,0,62,54,0,0,2,1,3,2,6,2,0,0,9,6,0,0,0.0,False
F020_CHE_NEW,palmer_conor_che_3,CHE,78,CB,0,0,0.05,0.0,0,2,0,7,0,1,2,0,7,5,1,0,0,52,46,0,0,1,1,6,5,8,5,0,0,7,5,0,0,0.0,False
F020_CHE_NEW,palmer_marcus_che_5,CHE,82,FB,0,0,0.01,0.02,1,0,0,3,1,2,0,0,4,8,1,1,0,42,34,0,0,2,2,1,0,1,1,2,0,1,0,0,0,0.0,False
F020_CHE_NEW,doran_reece_che_6,CHE,84,FB,0,0,0.13,0.11,1,0,0,4,2,1,0,0,3,6,1,0,1,42,33,3,2,1,1,1,1,3,1,2,2,3,2,0,0,0.0,False
F020_CHE_NEW,toney_ezri_che_7,CHE,78,DM,0,0,0.11,0.0,0,0,0,8,1,0,3,1,5,10,0,0,0,54,46,2,1,3,1,2,1,8,2,0,0,4,3,0,0,0.0,False
F020_CHE_NEW,konate_kai_che_8,CHE,89,CM,0,0,0.19,0.27,1,1,1,4,2,0,2,1,1,3,0,0,1,49,36,2,2,2,0,2,1,1,1,1,0,4,3,0,0,0.0,False
F020_CHE_NEW,palmer_bukayo_che_9,CHE,67,CM,0,0,0.1,0.14,2,0,2,4,1,0,2,0,2,2,0,0,0,35,30,2,0,1,1,0,0,1,0,1,0,4,2,0,0,0.0,False
F020_CHE_NEW,adeyemi_kalvin_che_11,CHE,90,WING,0,0,0.27,0.33,1,0,1,3,2,0,0,0,1,2,0,0,6,40,35,5,3,1,1,0,0,2,0,6,2,0,0,0,0,0.0,False
F020_CHE_NEW,maguire_emile_che_12,CHE,83,WING,0,0,0.27,0.14,2,0,2,0,2,0,1,0,0,1,0,2,2,25,17,1,1,2,1,0,0,2,1,0,0,0,0,0,0,0.0,False
F020_CHE_NEW,konate_levi_che_13,CHE,85,ST,0,0,0.54,0.19,2,2,0,1,2,0,0,0,0,2,1,0,4,16,12,1,0,0,0,3,1,3,2,0,0,1,1,0,0,0.0,False
F020_CHE_NEW,konate_cole_che_4,CHE,19,CB,0,0,0.0,0.01,0,0,0,1,1,0,0,0,0,1,0,0,0,13,11,0,0,0,0,2,1,0,0,0,0,1,1,0,0,0.0,False
F020_CHE_NEW,saka_declan_che_10,CHE,25,AM,0,0,0.09,0.13,1,0,1,0,0,0,0,0,0,2,0,0,0,11,10,1,0,0,0,0,0,1,0,1,0,0,0,0,0,0.0,False
F020_CHE_NEW,branthwaite_rasmus_new_0,NEW,90,GK,0,0,0.04,0.06,0,0,0,1,0,0,0,0,1,1,0,0,0,32,25,0,0,0,0,0,0,0,0,0,0,11,8,3,3,2.87,False
F020_CHE_NEW,doran_anthony_new_2,NEW,90,CB,0,0,0.07,0.06,0,0,1,2,1,1,1,1,7,2,0,0,0,43,35,1,0,3,3,1,0,2,0,0,0,4,3,0,0,0.0,False
F020_CHE_NEW,gvardiol_cole_new_3,NEW,89,CB,0,0,0.07,0.04,0,0,0,2,0,0,2,1,4,6,1,0,0,56,49,1,0,2,2,4,4,3,2,0,0,10,8,0,0,0.0,False
F020_CHE_NEW,nkunku_mason_new_5,NEW,82,FB,0,0,0.06,0.21,2,0,1,5,1,2,3,0,1,6,0,1,0,51,40,1,1,1,1,0,0,9,4,1,1,4,3,0,0,0.0,False
F020_CHE_NEW,branthwaite_tyrick_new_6,NEW,78,FB,0,0,0.14,0.15,0,0,0,2,2,1,1,0,2,2,0,0,4,34,27,2,1,0,0,2,2,2,1,1,0,2,2,0,0,0.0,False
F020_CHE_NEW,gordon_rico_new_7,NEW,90,DM,0,0,0.07,0.08,2,1,2,6,2,2,3,1,0,7,1,1,0,50,41,0,0,2,0,0,0,4,3,0,0,8,6,0,0,0.0,False
F020_CHE_NEW,marsh_cole_new_8,NEW,89,CM,0,0,0.23,0.2,3,0,2,6,1,1,0,1,1,7,1,0,1,53,47,6,5,1,1,0,0,2,0,0,0,9,7,0,0,0.0,False
F020_CHE_NEW,saka_reece_new_9,NEW,89,CM,0,1,0.13,0.18,3,0,0,6,2,0,1,2,1,6,0,0,1,57,52,2,1,0,0,3,2,0,0,3,1,1,1,0,0,0.0,False
F020_CHE_NEW,whitfield_rasmus_new_11,NEW,79,WING,0,0,0.34,0.32,3,2,1,0,7,1,0,0,1,2,1,0,2,31,18,5,1,0,0,0,0,1,0,2,0,0,0,0,0,0.0,False
F020_CHE_NEW,gvardiol_declan_new_12,NEW,77,WING,1,0,0.3,0.17,0,1,3,2,1,0,0,0,0,2,1,0,0,14,12,2,1,0,0,0,0,0,0,5,0,2,1,0,0,0.0,False
F020_CHE_NEW,nkunku_declan_new_13,NEW,84,ST,0,0,0.43,0.16,1,0,0,0,0,0,0,0,0,2,0,0,2,19,13,1,0,0,0,2,2,2,2,0,0,1,0,0,0,0.0,False
F020_CHE_NEW,saka_conor_new_10,NEW,2,AM,0,0,0.07,0.06,0,0,0,1,0,0,0,0,0,0,0,0,0,0,0,0,0,0,0,0,0,0,0,0,0,0,0,0,0,0.0,False
F021_CHE_BHA,osei_mason_che_0,CHE,90,GK,0,0,0.0,0.01,0,0,0,0,0,0,0,0,1,2,0,0,0,29,23,0,0,0,0,0,0,0,0,0,0,10,6,3,1,0.78,False
F021_CHE_BHA,branthwaite_kai_che_2,CHE,87,CB,0,0,0.05,0.0,1,0,0,4,1,1,2,0,3,6,0,0,0,61,52,0,0,1,1,5,3,3,2,0,0,5,5,0,0,0.0,False
F021_CHE_BHA,palmer_conor_che_3,CHE,85,CB,0,0,0.09,0.0,1,0,0,4,2,0,2,1,9,7,0,0,0,65,56,1,1,3,1,4,3,4,3,1,0,6,4,0,0,0.0,False
F021_CHE_BHA,palmer_marcus_che_5,CHE,83,FB,0,0,0.0,0.08,0,1,2,2,2,1,2,0,4,6,0,0,0,34,32,0,0,1,0,2,1,6,5,1,0,3,1,0,0,0.0,False
F021_CHE_BHA,doran_reece_che_6,CHE,82,FB,0,0,0.03,0.12,0,0,4,3,1,1,2,0,3,4,0,1,0,44,38,1,0,2,1,2,2,1,1,5,2,5,3,0,0,0.0,False
F021_CHE_BHA,toney_ezri_che_7,CHE,85,DM,0,0,0.0,0.08,1,0,1,5,1,0,7,4,2,3,2,0,0,69,57,2,0,2,1,6,3,7,5,1,0,5,2,0,0,0.0,False
F021_CHE_BHA,konate_kai_che_8,CHE,90,CM,0,0,0.18,0.22,1,0,0,8,4,0,1,0,1,3,0,0,0,60,54,1,0,0,0,2,0,4,1,1,1,4,3,0,0,0.0,False
F021_CHE_BHA,palmer_bukayo_che_9,CHE,75,CM,0,0,0.06,0.15,1,0,0,2,2,0,1,1,0,2,0,0,0,37,33,3,2,1,1,3,0,0,0,1,1,1,0,0,0,0.0,False
F021_CHE_BHA,adeyemi_kalvin_che_11,CHE,90,WING,0,0,0.35,0.38,2,1,5,1,5,0,0,0,0,3,1,0,3,30,25,6,5,0,0,0,0,1,0,5,1,1,0,0,0,0.0,False
F021_CHE_BHA,maguire_emile_che_12,CHE,85,WING,1,0,0.35,0.24,1,0,1,3,6,0,0,0,1,3,1,0,5,19,14,4,3,1,0,0,0,2,2,6,1,1,0,0,0,0.0,False
F021_CHE_BHA,konate_levi_che_13,CHE,90,ST,0,0,0.52,0.16,1,1,1,0,2,0,0,0,0,1,0,0,4,18,14,2,0,0,0,3,2,2,0,0,0,0,0,0,0,0.0,False
F021_CHE_BHA,saka_declan_che_10,CHE,19,AM,1,0,0.0,0.19,1,0,1,1,1,0,0,0,0,0,0,1,1,11,9,0,0,0,0,0,0,0,0,0,0,0,0,0,0,0.0,False
F021_CHE_BHA,saka_rasmus_bha_0,BHA,84,GK,0,0,0.0,0.0,0,0,0,3,0,0,0,0,4,2,0,0,0,23,22,0,0,0,0,1,1,0,0,0,0,6,5,0,0,0.21,True
F021_CHE_BHA,whitfield_emile_bha_2,BHA,75,CB,0,0,0.07,0.18,0,0,2,6,1,1,2,1,7,5,2,0,0,36,32,1,0,3,3,4,2,3,3,0,0,2,2,0,0,0.0,False
F021_CHE_BHA,havertz_james_bha_3,BHA,79,CB,0,0,0.11,0.06,0,0,0,4,2,1,2,0,5,3,2,0,1,69,54,0,0,0,0,3,2,9,5,0,0,11,6,0,0,0.0,False
F021_CHE_BHA,osei_ezri_bha_5,BHA,76,FB,0,0,0.08,0.15,0,0,0,2,3,0,3,0,5,7,0,0,0,45,35,6,5,2,1,1,1,2,2,3,2,9,4,0,0,0.0,False
F021_CHE_BHA,anderson_emile_bha_6,BHA,85,FB,0,0,0.14,0.22,3,0,3,4,0,2,0,0,2,4,1,0,2,48,39,1,1,3,3,1,1,7,5,3,1,5,2,0,0,0.0,False
F021_CHE_BHA,colwill_jarrad_bha_7,BHA,90,DM,0,0,0.07,0.01,1,0,1,0,2,1,0,1,2,9,0,0,1,53,43,0,0,0,0,0,0,1,1,0,0,1,0,0,0,0.0,False
F021_CHE_BHA,toney_kai_bha_8,BHA,85,CM,0,0,0.12,0.14,1,1,2,2,4,0,0,0,2,4,1,0,0,42,34,3,1,2,1,0,0,3,2,2,1,2,1,0,0,0.0,False
F021_CHE_BHA,osei_bukayo_bha_9,BHA,90,CM,1,0,0.21,0.16,1,0,2,3,6,0,0,2,2,3,0,0,0,61,52,2,1,1,0,0,0,10,7,0,0,1,1,0,0,0.0,False
F021_CHE_BHA,maguire_declan_bha_11,BHA,74,WING,1,0,0.42,0.28,2,0,0,1,5,0,0,2,0,2,1,0,2,29,27,2,1,3,2,0,0,2,1,3,0,0,0,0,0,0.0,False
F021_CHE_BHA,branthwaite_cole_bha_12,BHA,86,WING,0,1,0.4,0.37,0,0,4,0,2,0,0,0,0,3,0,0,6,32,27,4,2,0,0,1,1,1,1,2,0,0,0,0,0,0.0,False
F021_CHE_BHA,branthwaite_mason_bha_13,BHA,90,ST,0,0,0.7,0.2,3,2,1,2,0,0,0,0,0,4,0,0,6,21,17,1,0,1,0,1,0,5,4,1,1,0,0,0,0,0.0,False
F022_CHE_EVE,osei_mason_che_0,CHE,88,GK,0,0,0.05,0.0,0,0,0,3,0,0,0,0,4,1,0,0,0,28,21,0,0,0,0,0,0,0,0,0,0,7,5,1,1,1.05,False
F022_CHE_EVE,branthwaite_kai_che_2,CHE,90,CB,0,0,0.04,0.0,0,0,0,1,0,0,2,1,1,7,1,0,0,58,53,0,0,2,2,2,2,2,2,0,0,9,7,0,0,0.0,False
F022_CHE_EVE,palmer_conor_che_3,CHE,76,CB,0,0,0.05,0.0,0,0,1,2,0,0,4,0,6,5,2,0,0,44,35,0,0,1,1,2,2,4,2,0,0,8,4,0,0,0.0,False
F022_CHE_EVE,palmer_marcus_che_5,CHE,84,FB,1,0,0.06,0.04,1,0,0,5,1,1,2,0,2,8,0,0,0,41,36,1,1,3,3,4,3,2,2,4,1,4,2,0,0,0.0,False
F022_CHE_EVE,doran_reece_che_6,CHE,81,FB,0,0,0.14,0.13,0,0,0,1,2,1,2,1,3,2,0,0,1,43,36,3,2,1,1,0,0,3,1,0,0,1,1,0,0,0.0,False
F022_CHE_EVE,toney_ezri_che_7,CHE,89,DM,0,0,0.0,0.19,0,0,1,5,2,0,1,0,3,5,1,0,2,65,59,1,1,4,2,1,1,9,3,1,0,2,1,0,0,0.0,False
F022_CHE_EVE,konate_kai_che_8,CHE,77,CM,0,1,0.16,0.19,3,0,2,4,2,1,0,0,1,6,1,0,1,51,41,2,1,0,0,1,0,2,2,0,0,2,1,0,0,0.0,False
F022_CHE_EVE,palmer_bukayo_che_9,CHE,82,CM,1,0,0.14,0.27,2,0,2,0,4,1,0,0,1,6,1,0,2,44,35,3,2,3,3,0,0,1,1,0,0,2,1,0,0,0.0,False
F022_CHE_EVE,adeyemi_kalvin_che_11,CHE,67,WING,0,0,0.2,0.17,0,0,0,1,4,0,0,0,0,1,0,0,6,19,15,5,4,2,1,0,0,0,0,5,2,0,0,0,0,0.0,False
F022_CHE_EVE,maguire_emile_che_12,CHE,78,WING,0,1,0.3,0.19,1,1,1,2,2,0,1,0,0,3,1,0,2,23,18,4,1,0,0,0,0,2,1,7,1,0,0,0,0,0.0,False
F022_CHE_EVE,konate_levi_che_13,CHE,90,ST,0,1,0.58,0.15,4,2,1,1,0,0,1,0,2,4,2,0,5,20,13,6,3,0,0,4,1,3,1,0,0,1,1,0,0,0.0,False
F022_CHE_EVE,saka_declan_che_10,CHE,31,AM,0,0,0.1,0.14,2,0,2,1,0,0,0,0,0,0,2,0,0,10,9,1,1,0,0,0,0,1,0,0,0,0,0,0,0,0.0,False
F022_CHE_EVE,iwobi_bukayo_eve_0,EVE,85,GK,0,0,0.0,0.1,0,0,1,0,0,0,0,0,2,3,0,0,0,27,22,0,0,0,0,1,0,0,0,0,0,9,6,5,0,-0.57,True
F022_CHE_EVE,iwobi_james_eve_2,EVE,78,CB,0,0,0.0,0.0,0,0,0,5,2,0,0,0,4,3,1,0,0,66,65,0,0,1,0,3,3,6,4,0,0,6,4,0,0,0.0,False
F022_CHE_EVE,palmer_ezri_eve_3,EVE,90,CB,0,0,0.11,0.0,0,0,0,2,1,0,1,0,4,7,0,0,0,51,38,0,0,1,1,5,4,4,4,1,1,8,6,0,0,0.0,False
F022_CHE_EVE,gordon_rasmus_eve_5,EVE,81,FB,1,0,0.02,0.12,0,0,1,2,3,3,0,0,1,4,0,0,0,49,38,1,1,1,0,0,0,7,4,7,1,6,5,0,0,0.0,False
F022_CHE_EVE,havertz_tyrick_eve_6,EVE,77,FB,0,0,0.15,0.15,0,0,1,3,2,1,1,0,4,6,2,0,0,49,35,5,2,1,1,3,1,4,2,5,2,3,2,0,0,0.0,False
F022_CHE_EVE,gvardiol_james_eve_7,EVE,81,DM,0,0,0.02,0.06,0,0,1,5,1,1,3,1,1,7,1,0,1,73,51,1,1,3,0,1,0,1,1,0,0,4,2,0,0,0.0,False
F022_CHE_EVE,palmer_kai_eve_8,EVE,90,CM,0,1,0.11,0.18,1,1,0,3,1,1,2,2,2,4,2,0,2,54,49,2,0,2,2,0,0,2,1,1,1,1,1,0,0,0.0,False
F022_CHE_EVE,palmer_rico_eve_9,EVE,90,CM,0,0,0.23,0.19,1,0,1,5,2,1,0,0,2,8,2,0,0,53,42,0,0,0,0,1,0,7,4,0,0,1,1,0,0,0.0,False
F022_CHE_EVE,havertz_declan_eve_11,EVE,81,WING,0,0,0.39,0.48,3,0,1,4,3,0,0,0,0,6,1,1,3,31,31,4,3,1,0,0,0,2,1,5,1,0,0,0,0,0.0,False
F022_CHE_EVE,whitfield_mason_eve_12,EVE,74,WING,0,0,0.38,0.3,1,0,1,2,1,0,0,0,1,3,0,0,9,26,21,1,0,0,0,0,0,3,1,1,1,0,0,0,0,0.0,False
F022_CHE_EVE,osei_marcus_eve_13,EVE,79,ST,0,0,0.31,0.11,2,1,0,1,2,0,0,0,0,0,1,0,3,18,13,3,0,0,0,2,0,1,0,0,0,0,0,0,0,0.0,False
F023_TOT_NEW,osei_declan_tot_0,TOT,83,GK,0,0,0.0,0.0,0,0,0,3,0,0,0,1,5,1,0,0,0,28,22,0,0,0,0,0,0,0,0,0,0,4,3,5,2,2.34,False
F023_TOT_NEW,colwill_reece_tot_2,TOT,83,CB,0,0,0.0,0.0,0,0,1,5,0,1,3,1,4,7,0,0,1,64,58,0,0,1,1,1,1,6,3,1,0,10,7,0,0,0.0,False
F023_TOT_NEW,colwill_ezri_tot_3,TOT,84,CB,0,0,0.0,0.07,0,0,1,4,0,0,3,1,9,1,2,1,1,57,55,0,0,1,1,2,0,4,4,0,0,7,6,0,0,0.0,False
F023_TOT_NEW,gordon_emile_tot_5,TOT,81,FB,0,0,0.01,0.18,0,0,3,4,0,2,0,0,0,7,1,1,0,48,38,1,1,2,2,1,0,3,1,3,0,3,2,0,0,0.0,False
F023_TOT_NEW,toney_mason_tot_6,TOT,83,FB,0,0,0.09,0.09,1,0,0,1,3,0,2,2,4,6,0,0,0,54,42,2,1,2,1,3,3,2,1,5,2,2,2,0,0,0.0,False
F023_TOT_NEW,iwobi_rasmus_tot_7,TOT,88,DM,0,0,0.06,0.15,0,1,0,5,1,0,2,1,1,3,1,0,1,42,37,2,2,4,1,0,0,3,2,0,0,6,4,0,0,0.0,False
F023_TOT_NEW,whitfield_bukayo_tot_8,TOT,90,CM,0,0,0.19,0.21,0,0,3,4,5,0,2,0,2,2,2,0,1,44,39,7,5,0,0,3,1,4,2,2,1,2,2,0,0,0.0,False
F023_TOT_NEW,doran_ezri_tot_9,TOT,87,CM,1,0,0.23,0.21,0,0,3,5,1,0,0,0,0,4,0,0,1,60,52,3,1,0,0,1,0,8,4,1,1,5,2,0,0,0.0,False
F023_TOT_NEW,konate_conor_tot_11,TOT,77,WING,0,0,0.32,0.4,1,1,1,3,1,0,0,0,0,4,1,0,2,34,23,1,0,1,1,0,0,3,2,4,1,1,0,0,0,0.0,False
F023_TOT_NEW,branthwaite_kalvin_tot_12,TOT,84,WING,0,0,0.37,0.26,1,1,1,3,3,1,0,0,0,1,1,0,2,35,27,2,1,1,0,1,1,0,0,1,0,2,1,0,0,0.0,False
F023_TOT_NEW,rice_rasmus_tot_13,TOT,90,ST,1,1,0.56,0.08,0,1,0,2,0,0,0,0,1,2,2,2,1,16,14,1,1,0,0,3,2,2,1,0,0,0,0,0,0,0.0,False
F023_TOT_NEW,adeyemi_james_tot_4,TOT,41,CB,0,0,0.09,0.0,0,0,0,5,0,0,1,0,3,0,1,0,0,29,24,0,0,1,0,2,2,0,0,0,0,4,3,0,0,0.0,False
F023_TOT_NEW,branthwaite_rasmus_new_0,NEW,90,GK,0,0,0.04,0.11,0,0,0,0,1,0,0,0,6,1,0,0,0,21,16,0,0,1,1,0,0,0,0,0,0,6,2,3,1,0.92,False
F023_TOT_NEW,doran_anthony_new_2,NEW,90,CB,0,0,0.0,0.0,1,0,0,6,1,1,2,1,5,6,0,0,0,39,33,0,0,1,0,4,1,2,1,0,0,2,1,0,0,0.0,False
F023_TOT_NEW,gvardiol_cole_new_3,NEW,83,CB,0,0,0.01,0.0,0,0,0,6,0,2,3,1,5,4,0,1,0,57,47,0,0,1,1,6,3,2,1,0,0,4,4,0,0,0.0,False
F023_TOT_NEW,nkunku_mason_new_5,NEW,69,FB,0,0,0.01,0.08,0,0,0,3,0,1,0,1,1,5,1,0,2,22,18,2,1,0,0,1,0,3,2,1,0,0,0,0,0,0.0,False
F023_TOT_NEW,branthwaite_tyrick_new_6,NEW,74,FB,0,0,0.04,0.13,0,0,2,5,2,0,2,0,1,3,1,0,0,39,30,0,0,2,2,1,0,6,1,2,2,5,5,0,0,0.0,False
F023_TOT_NEW,gordon_rico_new_7,NEW,79,DM,0,0,0.12,0.0,0,0,1,6,0,1,0,0,2,5,2,0,0,39,38,0,0,1,1,0,0,6,3,1,0,7,5,0,0,0.0,False
F023_TOT_NEW,marsh_cole_new_8,NEW,83,CM,0,0,0.15,0.2,0,1,0,6,1,0,0,1,1,6,1,0,2,53,47,1,1,2,1,2,0,3,2,2,0,5,3,0,0,0.0,False
F023_TOT_NEW,saka_reece_new_9,NEW,90,CM,0,0,0.14,0.19,1,0,1,6,2,0,1,0,1,7,1,0,2,59,54,0,0,2,1,1,0,4,1,2,1,5,2,0,0,0.0,False
F023_TOT_NEW,whitfield_rasmus_new_11,NEW,83,WING,0,0,0.42,0.26,4,1,2,1,0,0,0,1,0,2,1,0,1,32,25,6,1,2,1,0,0,2,1,6,3,1,1,0,0,0.0,False
F023_TOT_NEW,gvardiol_declan_new_12,NEW,77,WING,0,1,0.27,0.23,1,1,2,0,4,0,0,0,0,2,0,1,2,31,22,6,4,0,0,0,0,0,0,1,0,1,0,0,0,0.0,False
F023_TOT_NEW,nkunku_declan_new_13,NEW,86,ST,0,1,0.48,0.14,2,0,0,1,1,0,1,0,0,0,0,0,2,17,13,2,0,0,0,4,2,3,1,0,0,0,0,0,0,0.0,False
F023_TOT_NEW,iwobi_anthony_new_1,NEW,1,GK,0,0,0.05,0.04,0,0,0,0,0,0,0,0,0,0,0,0,0,0,0,0,0,0,0,0,0,0,0,0,0,0,0,0,0,-0.48,True
F023_TOT_NEW,whitfield_levi_new_4,NEW,23,CB,0,0,0.0,0.08,0,0,0,1,0,0,0,1,1,1,0,0,0,12,12,0,0,1,0,3,3,1,1,0,0,1,1,0,0,0.0,False
F023_TOT_NEW,saka_conor_new_10,NEW,40,AM,0,0,0.12,0.1,1,0,1,3,2,0,0,0,0,4,0,1,2,18,15,1,1,0,0,0,0,3,0,1,0,0,0,0,0,0.0,False
F024_TOT_BHA,osei_declan_tot_0,TOT,81,GK,0,0,0.01,0.0,0,0,0,1,0,0,1,0,3,1,0,0,0,27,21,0,0,0,0,0,0,0,0,0,0,6,4,1,0,0.65,True
F024_TOT_BHA,colwill_reece_tot_2,TOT,90,CB,0,0,0.05,0.0,0,0,1,4,0,0,1,1,1,7,1,1,0,54,49,2,1,0,0,5,3,5,3,2,1,10,8,0,0,0.0,False
F024_TOT_BHA,colwill_ezri_tot_3,TOT,90,CB,0,0,0.07,0.0,0,0,0,3,0,0,0,0,2,4,1,1,0,49,43,0,0,1,1,9,8,6,4,0,0,4,3,0,0,0.0,False
F024_TOT_BHA,gordon_emile_tot_5,TOT,87,FB,0,0,0.07,0.18,1,0,1,2,2,0,1,1,1,2,3,0,0,43,37,1,0,2,2,1,1,4,4,2,0,7,3,0,0,0.0,False
F024_TOT_BHA,toney_mason_tot_6,TOT,73,FB,0,2,0.07,0.12,1,0,3,9,4,0,1,0,3,7,0,0,1,43,37,1,0,2,2,1,0,2,2,3,1,3,1,0,0,0.0,False
F024_TOT_BHA,iwobi_rasmus_tot_7,TOT,90,DM,0,0,0.05,0.1,0,0,1,9,3,0,2,0,2,6,2,0,0,42,36,1,0,2,2,0,0,1,1,0,0,2,0,0,0,0.0,False
F024_TOT_BHA,whitfield_bukayo_tot_8,TOT,90,CM,0,0,0.17,0.23,3,1,2,8,4,1,2,1,0,8,0,0,3,60,56,0,0,2,1,1,1,3,1,0,0,1,0,0,0,0.0,False
F024_TOT_BHA,doran_ezri_tot_9,TOT,90,CM,0,1,0.23,0.18,3,0,1,7,4,1,2,0,2,8,0,0,1,54,48,2,1,2,2,2,1,2,1,0,0,2,2,0,0,0.0,False
F024_TOT_BHA,konate_conor_tot_11,TOT,77,WING,1,1,0.27,0.32,0,0,1,5,2,0,1,0,0,3,0,0,2,27,19,5,2,2,1,0,0,2,1,1,1,0,0,0,0,0.0,False
F024_TOT_BHA,branthwaite_kalvin_tot_12,TOT,88,WING,0,0,0.4,0.23,3,3,1,4,3,0,0,0,0,1,0,0,1,32,26,3,1,2,1,1,1,2,1,4,2,1,1,0,0,0.0,False
F024_TOT_BHA,rice_rasmus_tot_13,TOT,89,ST,0,0,0.55,0.17,5,1,1,3,1,0,1,1,0,1,2,0,4,17,12,3,3,0,0,1,0,2,1,0,0,0,0,0,0,0.0,False
F024_TOT_BHA,branthwaite_morgan_tot_1,TOT,14,GK,0,0,0.0,0.0,0,0,0,0,0,0,0,0,0,0,0,0,0,4,3,0,0,0,0,0,0,0,0,0,0,3,1,0,0,0.23,True
F024_TOT_BHA,adeyemi_james_tot_4,TOT,10,CB,0,0,0.0,0.0,0,0,0,0,1,0,0,0,0,0,0,0,1,6,5,0,0,0,0,0,0,0,0,0,0,0,0,0,0,0.0,False
F024_TOT_BHA,rice_ezri_tot_10,TOT,15,AM,1,0,0.07,0.1,0,0,0,0,0,0,0,0,0,0,0,0,0,7,6,0,0,1,0,0,0,0,0,1,0,0,0,0,0,0.0,False
F024_TOT_BHA,saka_rasmus_bha_0,BHA,74,GK,0,0,0.13,0.0,0,0,0,1,1,0,0,0,5,1,0,0,0,23,22,1,1,0,0,0,0,0,0,0,0,5,5,0,0,0.07,True
F024_TOT_BHA,whitfield_emile_bha_2,BHA,90,CB,1,0,0.08,0.01,0,0,0,7,0,0,1,2,4,8,1,0,1,60,57,1,0,1,0,4,3,4,1,0,0,8,6,0,0,0.0,False
F024_TOT_BHA,havertz_james_bha_3,BHA,87,CB,0,0,0.01,0.05,0,0,0,8,0,0,4,3,5,3,1,0,0,57,45,1,0,0,0,3,1,6,5,0,0,10,5,0,0,0.0,False
F024_TOT_BHA,osei_ezri_bha_5,BHA,77,FB,0,0,0.08,0.1,2,0,0,3,0,0,0,0,1,4,1,0,0,44,38,1,0,2,2,2,2,4,1,3,0,1,1,0,0,0.0,False
F024_TOT_BHA,anderson_emile_bha_6,BHA,83,FB,0,1,0.07,0.12,1,0,1,9,3,3,1,2,2,5,1,0,2,43,34,1,1,1,1,1,0,8,4,3,0,3,2,0,0,0.0,False
F024_TOT_BHA,colwill_jarrad_bha_7,BHA,81,DM,0,0,0.02,0.06,1,1,0,4,0,0,2,2,1,4,1,0,0,44,37,0,0,1,1,2,1,4,3,0,0,4,3,0,0,0.0,False
F024_TOT_BHA,toney_kai_bha_8,BHA,90,CM,0,1,0.06,0.14,3,0,1,5,1,0,1,0,0,0,1,0,2,42,30,3,2,1,0,1,1,2,1,0,0,1,1,0,0,0.0,False
F024_TOT_BHA,osei_bukayo_bha_9,BHA,87,CM,0,0,0.17,0.19,0,2,2,7,0,0,1,0,0,5,2,1,3,48,36,2,1,1,1,2,0,3,1,3,1,4,1,0,0,0.0,False
F024_TOT_BHA,maguire_declan_bha_11,BHA,89,WING,0,0,0.46,0.35,1,0,2,5,5,0,1,0,0,5,1,0,9,27,23,4,1,0,0,0,0,2,1,6,3,0,0,0,0,0.0,False
F024_TOT_BHA,branthwaite_cole_bha_12,BHA,90,WING,0,0,0.46,0.4,2,0,2,4,6,0,0,0,0,2,1,0,3,26,24,9,5,1,1,0,0,2,1,4,1,0,0,0,0,0.0,False
F024_TOT_BHA,branthwaite_mason_bha_13,BHA,69,ST,0,0,0.49,0.19,5,1,0,2,0,0,0,0,0,2,0,0,7,21,15,1,0,0,0,0,0,4,2,1,0,0,0,0,0,0.0,False
F024_TOT_BHA,adeyemi_anthony_bha_1,BHA,5,GK,0,0,0.1,0.01,0,0,0,0,0,0,0,0,0,0,0,0,0,1,1,0,0,0,0,0,0,0,0,0,0,0,0,0,0,-0.26,True
F024_TOT_BHA,branthwaite_rico_bha_4,BHA,26,CB,0,0,0.0,0.03,0,0,0,1,1,0,0,1,1,4,0,0,0,13,13,0,0,1,1,0,0,1,1,0,0,5,3,0,0,0.0,False
F024_TOT_BHA,nkunku_marcus_bha_10,BHA,36,AM,0,0,0.08,0.06,0,0,0,1,2,0,1,0,0,1,1,1,0,9,8,0,0,1,1,0,0,0,0,0,0,0,0,0,0,0.0,False
F025_TOT_EVE,osei_declan_tot_0,TOT,90,GK,0,0,0.0,0.0,0,0,0,1,0,0,0,0,2,4,0,0,0,26,20,0,0,0,0,1,1,1,1,0,0,8,5,3,1,1.38,False
F025_TOT_EVE,colwill_reece_tot_2,TOT,90,CB,0,0,0.04,0.07,0,0,0,6,1,1,2,3,5,6,1,0,1,83,73,0,0,0,0,3,3,1,1,0,0,4,3,0,0,0.0,False
F025_TOT_EVE,colwill_ezri_tot_3,TOT,90,CB,0,0,0.02,0.03,0,0,1,9,1,0,1,0,5,4,0,0,0,52,45,1,1,1,1,5,4,4,2,0,0,8,5,0,0,0.0,False
F025_TOT_EVE,gordon_emile_tot_5,TOT,81,FB,0,0,0.13,0.1,0,1,2,6,1,1,2,0,2,2,0,0,0,50,41,3,0,1,0,0,0,3,3,3,1,7,4,0,0,0.0,False
F025_TOT_EVE,toney_mason_tot_6,TOT,90,FB,0,0,0.08,0.17,2,0,1,4,4,0,0,1,4,5,1,0,1,50,37,1,1,4,4,2,0,7,4,2,0,5,2,0,0,0.0,False
F025_TOT_EVE,iwobi_rasmus_tot_7,TOT,73,DM,0,0,0.09,0.09,0,0,1,1,2,0,1,0,2,4,0,0,0,49,42,0,0,0,0,1,1,5,3,0,0,0,0,0,0,0.0,False
F025_TOT_EVE,whitfield_bukayo_tot_8,TOT,82,CM,1,0,0.1,0.16,0,0,0,7,1,0,1,0,3,3,0,0,1,38,32,1,0,1,1,0,0,3,2,1,0,3,1,0,0,0.0,False
F025_TOT_EVE,doran_ezri_tot_9,TOT,73,CM,0,0,0.08,0.15,1,0,0,2,1,0,0,1,2,6,0,0,1,41,35,2,0,2,2,0,0,0,0,1,0,0,0,0,0,0.0,False
F025_TOT_EVE,konate_conor_tot_11,TOT,80,WING,0,1,0.4,0.34,2,1,0,2,8,0,0,0,0,3,0,0,4,27,19,1,1,0,0,0,0,2,0,3,1,0,0,0,0,0.0,False
F025_TOT_EVE,branthwaite_kalvin_tot_12,TOT,90,WING,0,0,0.35,0.36,5,1,2,1,1,0,1,1,0,0,0,1,4,30,22,6,3,0,0,0,0,2,0,3,0,0,0,0,0,0.0,False
F025_TOT_EVE,rice_rasmus_tot_13,TOT,74,ST,0,0,0.44,0.13,0,2,1,4,1,0,0,0,0,3,0,0,2,21,15,1,0,1,1,4,2,6,2,0,0,0,0,0,0,0.0,False
F025_TOT_EVE,rice_ezri_tot_10,TOT,1,AM,0,0,0.08,0.01,0,0,0,0,0,0,0,0,0,0,0,0,0,0,0,0,0,0,0,0,0,0,0,0,0,0,0,0,0,0.0,False
F025_TOT_EVE,iwobi_bukayo_eve_0,EVE,76,GK,0,0,0.02,0.07,0,0,1,0,0,0,0,0,3,0,0,0,0,19,16,0,0,0,0,1,1,2,0,0,0,1,1,2,0,0.45,True
F025_TOT_EVE,iwobi_james_eve_2,EVE,79,CB,0,0,0.07,0.03,0,0,0,3,2,0,1,1,2,7,0,0,1,55,52,0,0,0,0,3,1,2,2,1,0,5,4,0,0,0.0,False
F025_TOT_EVE,palmer_ezri_eve_3,EVE,90,CB,0,0,0.05,0.03,0,0,0,4,1,0,3,0,2,3,1,0,0,42,31,1,0,1,0,3,3,4,2,0,0,7,3,0,0,0.0,False
F025_TOT_EVE,gordon_rasmus_eve_5,EVE,85,FB,0,0,0.02,0.13,1,0,1,4,3,0,1,0,2,2,2,1,1,50,39,2,1,1,0,1,1,4,1,6,2,3,1,0,0,0.0,False
F025_TOT_EVE,havertz_tyrick_eve_6,EVE,90,FB,0,1,0.02,0.17,2,0,0,6,2,1,2,1,3,4,1,0,1,70,44,2,0,1,0,1,1,5,3,6,1,3,2,0,0,0.0,False
F025_TOT_EVE,gvardiol_james_eve_7,EVE,90,DM,0,1,0.15,0.08,0,0,1,6,0,0,2,0,2,7,1,0,0,69,56,0,0,2,2,3,2,4,3,1,0,2,1,0,0,0.0,False
F025_TOT_EVE,palmer_kai_eve_8,EVE,88,CM,0,0,0.16,0.12,1,0,1,4,2,0,2,0,1,7,2,0,3,43,40,0,0,2,2,0,0,3,1,0,0,3,3,0,0,0.0,False
F025_TOT_EVE,palmer_rico_eve_9,EVE,86,CM,0,0,0.1,0.19,1,0,3,7,4,0,3,0,0,2,1,0,2,46,36,2,1,0,0,2,2,2,1,2,0,3,2,0,0,0.0,False
F025_TOT_EVE,havertz_declan_eve_11,EVE,90,WING,0,0,0.49,0.32,1,2,2,4,7,0,0,0,0,1,2,0,5,31,30,6,6,2,2,0,0,2,2,5,0,0,0,0,0,0.0,False
F025_TOT_EVE,whitfield_mason_eve_12,EVE,86,WING,0,1,0.42,0.38,3,3,2,6,6,0,1,0,0,2,1,0,5,25,20,3,1,1,0,0,0,2,1,5,2,2,1,0,0,0.0,False
F025_TOT_EVE,osei_marcus_eve_13,EVE,90,ST,1,0,0.45,0.06,3,1,1,3,0,0,0,0,1,3,0,0,0,19,14,2,1,0,0,4,1,1,0,1,0,0,0,0,0,0.0,False
F026_NEW_BHA,branthwaite_rasmus_new_0,NEW,82,GK,0,0,0.0,0.0,0,0,0,1,0,0,0,0,4,1,0,0,0,36,23,0,0,0,0,0,0,0,0,0,0,8,6,2,1,0.68,False
F026_NEW_BHA,doran_anthony_new_2,NEW,80,CB,0,0,0.03,0.03,0,0,0,1,1,0,0,2,2,1,0,0,0,39,33,1,0,0,0,0,0,8,6,0,0,5,1,0,0,0.0,False
F026_NEW_BHA,gvardiol_cole_new_3,NEW,81,CB,0,0,0.02,0.0,0,0,0,2,0,0,2,2,3,3,0,0,0,43,37,1,1,0,0,4,4,8,5,0,0,6,2,0,0,0.0,False
F026_NEW_BHA,nkunku_mason_new_5,NEW,66,FB,0,0,0.01,0.01,0,1,1,0,0,0,2,1,0,1,0,0,0,26,21,1,1,0,0,0,0,0,0,1,1,3,1,0,0,0.0,False
F026_NEW_BHA,branthwaite_tyrick_new_6,NEW,72,FB,0,0,0.04,0.1,0,0,3,6,5,1,3,0,1,0,0,0,1,33,30,0,0,0,0,2,1,3,1,1,0,3,2,0,0,0.0,False
F026_NEW_BHA,gordon_rico_new_7,NEW,89,DM,0,0,0.0,0.03,0,0,0,3,1,0,4,1,2,3,0,0,2,56,46,1,1,0,0,0,0,3,2,0,0,4,1,0,0,0.0,False
F026_NEW_BHA,marsh_cole_new_8,NEW,85,CM,0,0,0.23,0.18,1,0,0,2,2,1,0,0,2,3,1,0,1,55,49,1,1,1,1,1,1,7,6,3,2,2,1,0,0,0.0,False
F026_NEW_BHA,saka_reece_new_9,NEW,90,CM,0,0,0.26,0.24,1,1,1,3,2,0,2,0,1,4,0,0,1,60,51,2,0,3,3,0,0,2,2,0,0,0,0,0,0,0.0,False
F026_NEW_BHA,whitfield_rasmus_new_11,NEW,77,WING,1,0,0.35,0.28,2,1,1,5,2,0,0,0,0,0,0,0,2,36,28,4,3,1,1,0,0,2,0,4,1,0,0,0,0,0.0,False
F026_NEW_BHA,gvardiol_declan_new_12,NEW,89,WING,1,0,0.25,0.27,0,2,0,5,3,0,1,0,0,1,0,0,2,17,12,9,5,0,0,1,1,3,0,1,0,2,2,0,0,0.0,False
F026_NEW_BHA,nkunku_declan_new_13,NEW,85,ST,1,0,0.46,0.13,3,1,2,2,0,0,0,0,1,3,0,0,6,15,13,2,1,0,0,8,5,3,2,0,0,0,0,0,0,0.0,False
F026_NEW_BHA,iwobi_anthony_new_1,NEW,29,GK,0,0,0.0,0.0,0,0,0,0,0,0,0,0,1,0,0,0,0,7,6,0,0,0,0,0,0,1,0,0,0,1,1,1,0,0.12,True
F026_NEW_BHA,saka_conor_new_10,NEW,1,AM,0,0,0.0,0.03,0,0,0,1,0,0,0,0,0,0,0,0,0,0,0,0,0,0,0,0,0,0,0,0,0,0,0,0,0,0.0,False
F026_NEW_BHA,saka_rasmus_bha_0,BHA,79,GK,0,0,0.02,0.03,0,0,0,0,0,0,0,0,2,1,0,0,0,24,20,0,0,0,0,0,0,0,0,0,0,10,9,1,1,1.06,False
F026_NEW_BHA,whitfield_emile_bha_2,BHA,90,CB,0,0,0.05,0.0,1,1,1,5,0,1,1,1,10,7,0,0,0,72,62,0,0,5,3,3,1,6,4,0,0,8,5,0,0,0.0,False
F026_NEW_BHA,havertz_james_bha_3,BHA,83,CB,0,0,0.03,0.0,0,0,0,6,1,0,0,0,5,8,1,0,0,52,40,1,1,2,2,5,2,7,5,0,0,7,5,0,0,0.0,False
F026_NEW_BHA,osei_ezri_bha_5,BHA,87,FB,0,0,0.08,0.19,0,1,2,2,4,1,0,1,1,11,0,1,3,48,38,1,0,3,3,0,0,5,2,3,1,3,2,0,0,0.0,False
F026_NEW_BHA,anderson_emile_bha_6,BHA,82,FB,0,0,0.11,0.11,0,0,2,5,1,0,0,0,4,6,0,0,0,51,40,2,1,2,1,1,1,4,1,4,1,3,1,0,0,0.0,False
F026_NEW_BHA,colwill_jarrad_bha_7,BHA,85,DM,0,0,0.03,0.14,1,2,0,3,0,0,0,0,1,6,1,1,0,53,44,1,1,1,0,1,1,4,2,1,0,5,3,0,0,0.0,False
F026_NEW_BHA,toney_kai_bha_8,BHA,85,CM,0,0,0.11,0.11,1,1,1,1,0,0,1,0,0,6,1,0,0,41,36,1,0,2,1,0,0,2,2,1,0,3,0,0,0,0.0,False
F026_NEW_BHA,osei_bukayo_bha_9,BHA,87,CM,0,0,0.24,0.19,1,0,3,6,1,0,1,1,1,4,1,0,2,52,41,0,0,1,0,0,0,6,4,2,1,1,1,0,0,0.0,False
F026_NEW_BHA,maguire_declan_bha_11,BHA,90,WING,0,0,0.5,0.5,3,0,1,2,2,0,1,0,0,1,0,1,1,26,21,3,2,0,0,0,0,9,5,5,3,1,1,0,0,0.0,False
F026_NEW_BHA,branthwaite_cole_bha_12,BHA,90,WING,0,1,0.41,0.45,2,2,2,4,5,0,2,0,0,3,1,0,3,29,23,1,1,0,0,0,0,4,1,5,3,0,0,0,0,0.0,False
F026_NEW_BHA,branthwaite_mason_bha_13,BHA,90,ST,0,0,0.61,0.19,7,1,1,2,0,0,1,0,0,0,1,0,7,23,19,2,2,0,0,3,2,1,1,0,0,1,0,0,0,0.0,False
F027_NEW_EVE,branthwaite_rasmus_new_0,NEW,79,GK,0,0,0.0,0.0,0,0,0,4,0,0,0,1,5,1,0,0,0,16,13,0,0,0,0,0,0,1,0,0,0,6,4,4,0,0.16,True
F027_NEW_EVE,doran_anthony_new_2,NEW,68,CB,0,0,0.05,0.01,0,1,0,2,0,1,3,0,2,2,1,0,0,38,32,0,0,0,0,2,0,2,2,0,0,3,3,0,0,0.0,False
F027_NEW_EVE,gvardiol_cole_new_3,NEW,80,CB,0,0,0.11,0.01,0,0,0,4,0,1,1,0,5,7,0,0,1,55,50,0,0,0,0,5,4,3,2,1,0,4,2,0,0,0.0,False
F027_NEW_EVE,nkunku_mason_new_5,NEW,89,FB,0,0,0.13,0.13,1,0,1,3,2,1,0,0,1,5,1,0,0,39,33,1,0,2,2,0,0,6,3,5,2,4,2,0,0,0.0,False
F027_NEW_EVE,branthwaite_tyrick_new_6,NEW,84,FB,0,0,0.0,0.1,0,0,1,3,4,0,0,0,2,6,0,0,2,46,41,2,1,0,0,1,0,6,5,2,0,0,0,0,0,0.0,False
F027_NEW_EVE,gordon_rico_new_7,NEW,74,DM,0,0,0.07,0.07,1,0,0,6,1,1,0,1,1,9,0,0,0,46,44,0,0,0,0,3,1,3,2,2,0,1,1,0,0,0.0,False
F027_NEW_EVE,marsh_cole_new_8,NEW,83,CM,0,1,0.12,0.14,3,1,0,5,6,1,0,0,0,3,2,1,0,55,44,3,2,1,1,1,1,3,1,0,0,5,3,0,0,0.0,False
F027_NEW_EVE,saka_reece_new_9,NEW,84,CM,0,0,0.19,0.21,0,0,3,7,2,0,0,0,1,5,0,0,1,44,39,4,1,5,4,0,0,2,2,1,1,1,1,0,0,0.0,False
F027_NEW_EVE,whitfield_rasmus_new_11,NEW,90,WING,0,2,0.36,0.28,3,0,0,1,9,1,0,0,0,5,0,0,4,32,22,6,4,2,1,0,0,0,0,4,0,2,2,0,0,0.0,False
F027_NEW_EVE,gvardiol_declan_new_12,NEW,89,WING,0,0,0.26,0.16,2,0,1,7,2,0,0,0,0,3,1,1,1,25,21,3,1,0,0,0,0,4,2,2,1,1,1,0,0,0.0,False
F027_NEW_EVE,nkunku_declan_new_13,NEW,77,ST,0,0,0.38,0.08,4,0,0,0,1,0,0,0,1,3,1,0,3,16,11,0,0,0,0,2,1,4,2,0,0,0,0,0,0,0.0,False
F027_NEW_EVE,iwobi_bukayo_eve_0,EVE,90,GK,0,0,0.0,0.06,0,0,1,1,1,0,0,0,4,1,0,0,0,23,17,0,0,0,0,0,0,1,1,0,0,8,5,3,1,0.98,False
F027_NEW_EVE,iwobi_james_eve_2,EVE,83,CB,0,0,0.05,0.0,1,0,1,1,0,0,1,0,5,7,1,0,0,54,49,1,0,1,1,1,1,2,1,0,0,5,5,0,0,0.0,False
F027_NEW_EVE,palmer_ezri_eve_3,EVE,84,CB,0,0,0.04,0.0,0,0,1,0,0,0,1,0,5,6,1,0,0,42,35,1,1,2,1,4,3,6,3,0,0,5,2,0,0,0.0,False
F027_NEW_EVE,gordon_rasmus_eve_5,EVE,89,FB,0,0,0.02,0.09,0,0,1,4,2,1,1,0,2,4,0,0,1,50,42,1,0,3,1,1,0,6,3,1,0,6,2,0,0,0.0,False
F027_NEW_EVE,havertz_tyrick_eve_6,EVE,87,FB,0,0,0.06,0.05,0,1,0,6,2,1,1,1,2,2,0,0,1,51,41,2,0,1,0,2,0,11,8,3,1,4,3,0,0,0.0,False
F027_NEW_EVE,gvardiol_james_eve_7,EVE,90,DM,0,0,0.04,0.08,0,0,0,9,0,0,4,0,2,3,1,0,0,51,41,1,0,6,2,1,1,6,2,1,1,8,1,0,0,0.0,False
F027_NEW_EVE,palmer_kai_eve_8,EVE,70,CM,0,0,0.16,0.14,0,0,2,1,1,0,1,0,0,5,0,0,1,44,37,1,1,0,0,2,1,2,1,0,0,1,1,0,0,0.0,False
F027_NEW_EVE,palmer_rico_eve_9,EVE,72,CM,0,0,0.04,0.12,2,0,0,2,3,0,1,0,0,5,0,1,0,44,37,2,1,2,1,0,0,1,0,1,0,3,1,0,0,0.0,False
F027_NEW_EVE,havertz_declan_eve_11,EVE,81,WING,1,0,0.44,0.38,3,2,1,3,7,0,0,0,0,4,1,1,2,31,28,5,3,0,0,1,1,3,2,4,1,0,0,0,0,0.0,False
F027_NEW_EVE,whitfield_mason_eve_12,EVE,80,WING,0,0,0.46,0.39,2,0,5,2,3,0,0,2,0,5,0,0,4,33,32,2,2,0,0,0,0,1,1,3,1,0,0,0,0,0.0,False
F027_NEW_EVE,osei_marcus_eve_13,EVE,79,ST,0,0,0.35,0.12,0,1,0,1,0,0,0,0,1,1,0,0,3,20,12,4,2,0,0,2,0,4,2,0,0,0,0,0,0,0.0,False
F027_NEW_EVE,anderson_conor_eve_1,EVE,20,GK,0,0,0.0,0.0,0,0,0,0,0,0,0,0,4,1,0,0,0,5,5,0,0,0,0,0,0,0,0,0,0,0,0,2,0,-0.35,True
F028_BHA_EVE,saka_rasmus_bha_0,BHA,87,GK,0,0,0.0,0.0,0,0,0,3,0,0,0,1,2,0,0,0,0,19,17,2,0,0,0,0,0,0,0,0,0,6,3,1,3,3.28,False
F028_BHA_EVE,whitfield_emile_bha_2,BHA,75,CB,0,0,0.01,0.0,0,0,0,2,0,0,3,0,5,5,0,0,0,60,52,1,0,0,0,2,1,3,2,1,0,4,3,0,0,0.0,False
F028_BHA_EVE,havertz_james_bha_3,BHA,90,CB,0,0,0.05,0.0,0,0,0,10,0,0,0,1,5,6,1,0,0,78,67,0,0,1,1,4,1,8,4,0,0,6,4,0,0,0.0,False
F028_BHA_EVE,osei_ezri_bha_5,BHA,90,FB,0,1,0.16,0.17,1,0,1,3,2,1,0,2,1,7,0,1,3,46,36,1,0,4,3,1,0,4,2,2,1,3,2,0,0,0.0,False
F028_BHA_EVE,anderson_emile_bha_6,BHA,81,FB,0,0,0.09,0.23,1,0,0,5,2,0,1,2,1,3,0,0,0,45,37,3,3,2,2,1,1,6,3,1,0,0,0,0,0,0.0,False
F028_BHA_EVE,colwill_jarrad_bha_7,BHA,64,DM,0,0,0.03,0.02,0,0,0,5,1,0,1,0,1,8,1,0,0,37,29,2,1,0,0,1,0,1,0,0,0,2,2,0,0,0.0,False
F028_BHA_EVE,toney_kai_bha_8,BHA,83,CM,0,0,0.16,0.11,1,1,0,5,0,0,1,0,1,5,0,0,0,40,36,2,1,0,0,1,0,3,2,0,0,1,0,0,0,0.0,False
F028_BHA_EVE,osei_bukayo_bha_9,BHA,90,CM,0,0,0.16,0.14,2,1,3,3,1,1,2,1,1,7,2,1,2,42,39,0,0,2,0,1,1,7,4,1,1,2,1,0,0,0.0,False
F028_BHA_EVE,maguire_declan_bha_11,BHA,79,WING,0,0,0.34,0.31,4,2,2,3,6,0,0,0,0,2,0,0,2,26,23,8,4,0,0,0,0,1,1,3,0,1,1,0,0,0.0,False
F028_BHA_EVE,branthwaite_cole_bha_12,BHA,83,WING,0,1,0.36,0.29,3,1,3,2,4,0,2,0,0,3,2,0,2,31,20,5,3,2,1,1,0,1,1,3,1,2,2,0,0,0.0,False
F028_BHA_EVE,branthwaite_mason_bha_13,BHA,90,ST,1,1,0.62,0.14,3,3,0,0,5,0,1,0,0,2,0,0,4,22,16,3,3,1,0,2,1,4,2,0,0,0,0,0,0,0.0,False
F028_BHA_EVE,adeyemi_anthony_bha_1,BHA,38,GK,0,0,0.0,0.01,0,0,0,1,0,0,0,0,3,2,0,0,0,9,8,0,0,0,0,0,0,0,0,0,0,1,1,0,0,0.19,True
F028_BHA_EVE,branthwaite_rico_bha_4,BHA,28,CB,0,0,0.04,0.0,0,0,0,2,1,0,0,0,0,1,0,0,0,26,23,0,0,1,1,3,1,0,0,0,0,0,0,0,0,0.0,False
F028_BHA_EVE,nkunku_marcus_bha_10,BHA,6,AM,0,0,0.0,0.09,0,0,0,0,0,0,0,0,0,1,0,0,0,2,2,1,1,0,0,0,0,0,0,0,0,0,0,0,0,0.0,False
F028_BHA_EVE,iwobi_bukayo_eve_0,EVE,86,GK,0,0,0.0,0.01,0,0,0,0,1,0,0,0,2,3,0,0,0,25,20,0,0,0,0,0,0,1,1,0,0,8,2,3,0,0.23,True
F028_BHA_EVE,iwobi_james_eve_2,EVE,76,CB,0,0,0.06,0.0,1,0,0,3,2,2,2,1,4,7,0,0,0,51,45,0,0,0,0,4,3,3,3,0,0,4,4,0,0,0.0,False
F028_BHA_EVE,palmer_ezri_eve_3,EVE,64,CB,0,0,0.03,0.02,0,0,0,0,0,1,1,1,1,4,0,0,0,40,35,0,0,0,0,3,3,2,2,0,0,3,2,0,0,0.0,False
F028_BHA_EVE,gordon_rasmus_eve_5,EVE,80,FB,0,0,0.09,0.19,0,0,2,5,4,0,3,1,2,3,0,0,1,41,36,1,0,1,1,0,0,1,0,2,0,3,1,0,0,0.0,False
F028_BHA_EVE,havertz_tyrick_eve_6,EVE,87,FB,0,0,0.13,0.19,0,0,2,6,3,0,2,0,2,6,0,0,2,49,39,2,0,3,2,0,0,6,3,5,2,3,2,0,0,0.0,False
F028_BHA_EVE,gvardiol_james_eve_7,EVE,84,DM,0,0,0.01,0.18,0,0,1,5,0,1,1,0,4,3,2,0,1,65,54,0,0,0,0,1,0,5,4,0,0,1,1,0,0,0.0,False
F028_BHA_EVE,palmer_kai_eve_8,EVE,73,CM,0,0,0.1,0.15,0,1,0,2,1,0,1,0,1,4,0,1,0,41,34,1,1,2,1,0,0,4,3,1,0,0,0,0,0,0.0,False
F028_BHA_EVE,palmer_rico_eve_9,EVE,67,CM,0,0,0.15,0.09,1,0,0,5,2,0,1,1,2,6,0,0,1,43,37,1,0,1,1,2,2,5,2,2,1,6,1,0,0,0.0,False
F028_BHA_EVE,havertz_declan_eve_11,EVE,82,WING,1,0,0.38,0.24,5,0,1,7,3,0,0,0,1,3,0,1,2,34,25,2,0,0,0,0,0,4,1,4,0,1,1,0,0,0.0,False
F028_BHA_EVE,whitfield_mason_eve_12,EVE,90,WING,1,0,0.42,0.38,2,1,1,3,2,0,1,0,0,3,1,0,6,33,27,3,1,1,0,0,0,2,0,4,2,0,0,0,0,0.0,False
F028_BHA_EVE,osei_marcus_eve_13,EVE,70,ST,0,0,0.38,0.05,1,1,0,0,0,0,0,0,0,1,0,1,1,23,17,1,0,0,0,2,0,1,1,0,0,0,0,0,0,0.0,False
