player_id,full_name,date_of_birth,primary_position,club,nationality,market_value,data_confidence,low_minutes_flag,stat_season_used,home_grown,squad_tier
max_kinsey_bou,Max Kinsey,2005-02-02,CB,BOU,England,,bio_only,False,,True,first_team
tyler_adams_bou,Tyler Adams,1999-02-14,DM,BOU,United States,25000000,full,False,2025-26,False,first_team
amine_adli_bou,Amine Adli,2000-10-05,WING,BOU,Morocco,20000000,full,False,2025-26,False,first_team
julian_araujo_bou,Julián Araujo,2001-08-13,FB,BOU,Mexico,8000000,full,False,2024-25,False,first_team
david_brooks_bou,David Brooks,1997-08-07,WING,BOU,Wales,12000000,full,False,2025-26,True,first_team
ryan_christie_bou,Ryan Christie,1995-02-22,CM,BOU,Scotland,8000000,full,False,2025-26,False,first_team
lewis_cook_bou,Lewis Cook,1997-03-02,CM,BOU,England,11000000,full,False,2025-26,True,first_team
evanilson_bou,Evanilson,1999-06-10,ST,BOU,Brazil,35000000,bio_only,False,,False,first_team
bafode_diakite_bou,Bafodé Diakité,2001-06-01,CB,BOU,France,25000000,full,False,2025-26,False,first_team
fraser_forster_bou,Fraser Forster,1988-03-17,GK,BOU,England,400000,full,False,2024-25,True,first_team
james_hill_bou,James Hill,2002-10-01,CB,BOU,England,23000000,full,False,2025-26,True,first_team
daniel_jebbison_bou,Daniel Jebbison,2003-08-13,ST,BOU,Canada,6000000,full,True,2024-25,True,first_team
justin_kluivert_bou,Justin Kluivert,1999-05-05,AM,BOU,Netherlands,25000000,full,False,2025-26,False,first_team
alvaro_rodriguez_bou,Álvaro Rodríguez,2004-07-14,ST,BOU,Uruguay,10000000,full,False,2025-26,False,first_team
luis_sinisterra_bou,Luis Sinisterra,1999-06-17,WING,BOU,Colombia,15000000,bio_only,False,,False,first_team
alex_scott_bou,Alex Scott,2003-08-21,CM,BOU,England,50000000,full,False,2025-26,True,first_team
adam_smith_bou,Adam Smith,1991-04-29,FB,BOU,England,300000,full,False,2025-26,True,first_team
marcus_tavernier_bou,Marcus Tavernier,1999-03-22,AM,BOU,England,25000000,full,False,2025-26,True,first_team
adrien_truffert_bou,Adrien Truffert,2001-11-20,FB,BOU,France,30000000,full,False,2025-26,False,first_team
ben_winterburn_bou,Ben Winterburn,2004-04-09,DM,BOU,England,350000,full,True,2025-26,True,first_team
junior_kroupi_bou,Junior Kroupi,2006-06-23,ST,BOU,France,70000000,full,False,2025-26,False,u21_breakout
veljko_milosavljevic_bou,Veljko Milosavljevic,2007-06-28,CB,BOU,Serbia,20000000,full,False,2025-26,False,u21_breakout
remy_rees-dottin_bou,Remy Rees-Dottin,2006-06-03,ST,BOU,England,300000,full,True,2024-25,True,u21_breakout
julio_soler_bou,Julio Soler,2005-02-16,FB,BOU,Argentina,8000000,full,True,2025-26,False,u21_breakout
alex_toth_bou,Alex Tóth,2005-10-23,CM,BOU,Hungary,12000000,full,True,2025-26,False,u21_breakout
kepa_arrizabalaga_ars,Kepa Arrizabalaga,1994-03-10,GK,ARS,Spain,5000000,full,True,2025-26,False,first_team
riccardo_calafiori_ars,Riccardo Calafiori,2002-05-19,FB,ARS,Italy,55000000,full,False,2025-26,False,first_team
gabriel_jesus_ars,Gabriel Jesus,1997-03-04,ST,ARS,Brazil,17000000,full,False,2025-26,False,first_team
eberechi_eze_ars,Eberechi Eze,1998-06-29,AM,ARS,England,65000000,full,False,2025-26,True,first_team
bruno_guimaraes_ars,Bruno Guimarães,1997-11-16,CM,ARS,Brazil,70000000,full,False,2025-26,False,first_team
viktor_gyokeres_ars,Viktor Gyökeres,1998-04-06,ST,ARS,Sweden,65000000,full,False,2025-26,False,first_team
kai_havertz_ars,Kai Havertz,1999-11-06,ST,ARS,Germany,55000000,full,False,2025-26,False,first_team
piero_hincapie_ars,Piero Hincapié,2002-09-01,CB,ARS,Ecuador,50000000,full,False,2025-26,False,first_team
ezri_konsa_ars,Ezri Konsa,1997-10-23,CB,ARS,England,45000000,full,False,2025-26,True,first_team
mikel_merino_ars,Mikel Merino,1996-06-22,CM,ARS,Spain,25000000,full,False,2025-26,False,first_team
illan_meslier_ars,Illan Meslier,2000-02-03,GK,ARS,France,8000000,bio_only,False,,False,first_team
cristhian_mosquera_ars,Cristhian Mosquera,2004-06-27,CB,ARS,Spain,40000000,full,False,2025-26,False,first_team
martin_odegaard_ars,Martin Ødegaard,1998-12-17,AM,ARS,Norway,70000000,full,False,2025-26,False,first_team
david_raya_ars,David Raya,1995-09-15,GK,ARS,Spain,30000000,full,False,2025-26,True,first_team
declan_rice_ars,Declan Rice,1999-01-14,CM,ARS,England,120000000,full,False,2025-26,True,first_team
bukayo_saka_ars,Bukayo Saka,2001-05-09,WING,ARS,England,110000000,full,False,2025-26,True,first_team
william_saliba_ars,William Saliba,2001-03-24,CB,ARS,France,100000000,full,False,2025-26,True,first_team
jurrien_timber_ars,Jurriën Timber,2001-06-17,FB,ARS,Netherlands,70000000,full,False,2025-26,False,first_team
christos_tzolis_ars,Christos Tzolis,2002-01-30,WING,ARS,Greece,40000000,bio_only,False,,False,first_team
ben_white_ars,Ben White,1997-08-10,FB,ARS,England,30000000,full,False,2025-26,True,first_team
martin_zubimendi_ars,Martín Zubimendi,1999-02-02,DM,ARS,Spain,75000000,full,False,2025-26,False,first_team
max_dowman_ars,Max Dowman,2009-12-31,WING,ARS,England,30000000,full,True,2025-26,True,u21_breakout
myles_lewis-skelly_ars,Myles Lewis-Skelly,2006-09-26,FB,ARS,England,45000000,full,False,2025-26,True,u21_breakout
ethan_nwaneri_ars,Ethan Nwaneri,2007-03-21,AM,ARS,England,35000000,full,True,2025-26,True,u21_breakout
ross_barkley_avl,Ross Barkley,1993-05-12,CM,AVL,England,4000000,full,False,2025-26,True,first_team
marco_bizot_avl,Marco Bizot,1991-10-03,GK,AVL,Netherlands,1500000,full,False,2025-26,False,first_team
lamare_bogarde_avl,Lamare Bogarde,2004-05-01,DM,AVL,Netherlands,18000000,full,False,2025-26,True,first_team
emiliano_buendia_avl,Emiliano Buendía,1996-12-25,WING,AVL,Argentina,16000000,full,False,2025-26,False,first_team
matty_cash_avl,Matty Cash,1997-07-08,FB,AVL,Poland,22000000,full,False,2025-26,True,first_team
pau_torres_avl,Pau Torres,1997-01-16,CB,AVL,Spain,20000000,full,False,2025-26,False,first_team
alejandro_garnacho_avl,Alejandro Garnacho,2004-01-07,WING,AVL,Argentina,28000000,full,False,2025-26,True,first_team
joao_gomes_avl,João Gomes,2001-12-02,CM,AVL,Brazil,40000000,full,False,2025-26,False,first_team
leon_bailey_avl,Leon Bailey,1997-09-08,WING,AVL,Jamaica,14000000,bio_only,False,,False,first_team
taylor_harwood-bellis_avl,Taylor Harwood-Bellis,2002-01-30,CB,AVL,England,22000000,full,False,2024-25,True,first_team
nicolas_jackson_avl,Nicolas Jackson,2001-06-20,ST,AVL,Senegal,40000000,full,False,2024-25,False,first_team
boubacar_kamara_avl,Boubacar Kamara,1999-11-23,DM,AVL,France,40000000,full,False,2025-26,False,first_team
ian_maatsen_avl,Ian Maatsen,2002-10-03,FB,AVL,Netherlands,30000000,full,False,2025-26,True,first_team
john_mcginn_avl,John McGinn,1994-10-18,CM,AVL,Scotland,13000000,full,False,2025-26,False,first_team
tyrone_mings_avl,Tyrone Mings,1993-03-13,CB,AVL,England,3000000,full,False,2025-26,True,first_team
amadou_onana_avl,Amadou Onana,2001-08-16,DM,AVL,Belgium,45000000,full,False,2025-26,False,first_team
victor_lindelof_avl,Victor Lindelöf,1994-07-17,CB,AVL,Sweden,5000000,full,False,2025-26,False,first_team
aaron_wan-bissaka_avl,Aaron Wan-Bissaka,1997-11-26,FB,AVL,DR Congo,15000000,full,False,2025-26,True,first_team
james_wright_avl,James Wright,2004-02-12,GK,AVL,England,200000,bio_only,False,,True,first_team
george_hemmings_avl,George Hemmings,,CM,AVL,,,stats_only,True,2025-26,True,u21_breakout
kosta_nedeljkovic_avl,Kosta Nedeljkovic,2005-12-16,FB,AVL,Serbia,6000000,full,True,2024-25,False,u21_breakout
kristoffer_ajer_bre,Kristoffer Ajer,1998-04-17,CB,BRE,Norway,22000000,full,False,2025-26,False,first_team
jaidon_anthony_bre,Jaidon Anthony,1999-01-12,WING,BRE,England,20000000,full,False,2025-26,True,first_team
ellery_balcombe_bre,Ellery Balcombe,1999-10-15,GK,BRE,England,400000,bio_only,False,,True,first_team
nathan_collins_bre,Nathan Collins,2001-04-30,CB,BRE,Ireland,30000000,full,False,2025-26,True,first_team
mikkel_damsgaard_bre,Mikkel Damsgaard,2000-03-07,AM,BRE,Denmark,30000000,full,False,2025-26,False,first_team
josh_dasilva_bre,Josh Dasilva,1998-10-23,CM,BRE,England,1500000,full,True,2025-26,True,first_team
el_hadji_malick_diouf_bre,El Hadji Malick Diouf,2004-12-28,FB,BRE,Senegal,28000000,full,False,2025-26,False,first_team
fabio_carvalho_bre,Fábio Carvalho,2002-08-30,AM,BRE,Portugal,8000000,full,True,2025-26,True,first_team
rico_henry_bre,Rico Henry,1997-08-07,FB,BRE,Jamaica,13000000,full,False,2025-26,True,first_team
aaron_hickey_bre,Aaron Hickey,2002-10-06,FB,BRE,Scotland,16000000,full,False,2025-26,False,first_team
vitaly_janelt_bre,Vitaly Janelt,1998-10-05,DM,BRE,Germany,16000000,full,False,2025-26,False,first_team
mathias_jensen_bre,Mathias Jensen,1996-01-01,CM,BRE,Denmark,10000000,full,False,2025-26,False,first_team
michael_kayode_bre,Michael Kayode,2004-10-07,FB,BRE,Italy,40000000,full,False,2025-26,False,first_team
caoimhin_kelleher_bre,Caoimhín Kelleher,1998-11-23,GK,BRE,Ireland,28000000,full,False,2025-26,True,first_team
ji-soo_kim_bre,Ji-soo Kim,2004-12-24,CB,BRE,"Korea, South",1800000,bio_only,False,,False,first_team
keane_lewis-potter_bre,Keane Lewis-Potter,2001-02-22,WING,BRE,England,25000000,full,False,2025-26,True,first_team
igor_thiago_bre,Igor Thiago,2001-06-26,ST,BRE,Brazil,65000000,bio_only,False,,False,first_team
dango_ouattara_bre,Dango Ouattara,2002-11-02,WING,BRE,Burkina Faso,35000000,full,False,2025-26,False,first_team
kevin_schade_bre,Kevin Schade,2001-11-27,WING,BRE,Germany,35000000,full,False,2025-26,False,first_team
hakon_valdimarsson_bre,Hákon Valdimarsson,2001-10-13,GK,BRE,Iceland,2500000,full,True,2025-26,False,first_team
sepp_van_den_berg_bre,Sepp van den Berg,2001-12-20,CB,BRE,Netherlands,32000000,full,False,2025-26,True,first_team
callum_wilson_bre,Callum Wilson,1992-02-27,ST,BRE,England,4000000,full,False,2025-26,True,first_team
yehor_yarmoliuk_bre,Yehor Yarmoliuk,,CM,BRE,,,stats_only,False,2025-26,False,first_team
romelle_donovan_bre,Romelle Donovan,2006-11-30,WING,BRE,England,3500000,full,True,2025-26,True,u21_breakout
kaye_furo_bre,Kaye Furo,2007-06-02,ST,BRE,Belgium,8000000,full,True,2025-26,False,u21_breakout
yunus_konak_bre,Yunus Konak,2006-10-01,DM,BRE,Türkiye,3500000,full,True,2024-25,False,u21_breakout
jayden_meghoma_bre,Jayden Meghoma,2006-06-28,FB,BRE,England,2000000,full,True,2024-25,True,u21_breakout
gustavo_nunes_bre,Gustavo Nunes,2005-11-20,WING,BRE,Brazil,8000000,full,True,2024-25,False,u21_breakout
yasin_ayari_bha,Yasin Ayari,2003-06-10,CM,BHA,Sweden,40000000,full,False,2025-26,False,first_team
james_beadle_bha,James Beadle,2004-07-16,GK,BHA,England,6000000,bio_only,False,,True,first_team
olivier_boscagli_bha,Olivier Boscagli,1997-11-18,CB,BHA,France,15000000,full,False,2025-26,False,first_team
maxim_de_cuyper_bha,Maxim De Cuyper,2000-12-22,FB,BHA,Belgium,22000000,full,False,2025-26,False,first_team
lewis_dunk_bha,Lewis Dunk,1991-11-21,CB,BHA,England,3500000,full,False,2025-26,True,first_team
evan_ferguson_bha,Evan Ferguson,2004-10-19,ST,BHA,Ireland,20000000,full,False,2024-25,True,first_team
diego_gomez_bha,Diego Gómez,2003-03-27,CM,BHA,Paraguay,25000000,full,False,2025-26,False,first_team
pascal_gross_bha,Pascal Groß,1991-06-15,CM,BHA,Germany,2500000,full,False,2025-26,False,first_team
ferdi_kad_oglu_bha,Ferdi Kadıoğlu,1999-07-10,FB,BHA,Türkiye,35000000,full,False,2024-25,False,first_team
tom_mcgill_bha,Tom McGill,2000-03-25,GK,BHA,Canada,500000,bio_only,False,,True,first_team
yankuba_minteh_bha,Yankuba Minteh,2004-07-22,WING,BHA,The Gambia,45000000,full,False,2025-26,False,first_team
kaoru_mitoma_bha,Kaoru Mitoma,1997-05-20,WING,BHA,Japan,22000000,full,False,2025-26,False,first_team
matt_o'riley_bha,Matt O'Riley,2000-11-21,CM,BHA,Denmark,18000000,full,True,2025-26,True,first_team
ibrahim_osman_bha,Ibrahim Osman,2004-11-29,WING,BHA,Ghana,7000000,bio_only,False,,False,first_team
georginio_rutter_bha,Georginio Rutter,2002-04-20,ST,BHA,France,30000000,full,False,2025-26,False,first_team
jason_steele_bha,Jason Steele,1990-08-18,GK,BHA,England,500000,full,True,2024-25,True,first_team
pascal_struijk_bha,Pascal Struijk,1999-11-08,CB,BHA,Netherlands,22000000,full,False,2025-26,True,first_team
michael_svoboda_bha,Michael Svoboda,1998-10-15,CB,BHA,Austria,3500000,bio_only,False,,False,first_team
bart_verbruggen_bha,Bart Verbruggen,2002-08-18,GK,BHA,Netherlands,40000000,full,False,2025-26,False,first_team
mats_wieffer_bha,Mats Wieffer,1999-11-16,FB,BHA,Netherlands,25000000,full,False,2025-26,False,first_team
aaron_connolly_bha,Aaron Connolly,2000-01-28,ST,BHA,Ireland,4000000,full,True,2024-25,False,u21_breakout
jack_hinshelwood_bha,Jack Hinshelwood,2005-11-04,DM,BHA,England,28000000,full,False,2025-26,True,u21_breakout
jack_spong_bha,Jack Spong,2002-04-02,CM,BHA,England,150000,full,True,2025-26,True,u21_breakout
charalampos_kostoulas_bha,Charalampos Kostoulas,2007-05-30,ST,BHA,Greece,25000000,full,False,2025-26,False,u21_breakout
stefanos_tzimas_bha,Stefanos Tzimas,2006-06-01,ST,BHA,Greece,18000000,full,True,2025-26,False,u21_breakout
tom_watson_bha,Tom Watson,2006-08-04,WING,BHA,England,7000000,full,True,2025-26,True,u21_breakout
valentin_barco_che,Valentín Barco,2004-07-23,CM,CHE,Argentina,13000000,bio_only,False,,False,first_team
jamie_gittens_che,Jamie Gittens,2004-08-08,WING,CHE,England,30000000,bio_only,False,,True,first_team
moises_caicedo_che,Moisés Caicedo,2001-02-11,DM,CHE,Ecuador,100000000,full,False,2025-26,False,first_team
emmanuel_emegha_che,Emmanuel Emegha,2003-03-02,ST,CHE,Netherlands,25000000,bio_only,False,,False,first_team
wesley_fofana_che,Wesley Fofana,2000-12-17,CB,CHE,France,28000000,full,False,2025-26,False,first_team
malo_gusto_che,Malo Gusto,2003-05-19,FB,CHE,France,35000000,full,False,2025-26,False,first_team
jordan_henderson_che,Jordan Henderson,1990-06-17,DM,CHE,England,1200000,full,False,2025-26,True,first_team
reece_james_che,Reece James,1999-08-12,FB,CHE,England,60000000,full,False,2025-26,True,first_team
joao_felix_che,João Félix,1999-10-11,ST,CHE,Portugal,20000000,bio_only,False,,True,first_team
maxence_lacroix_che,Maxence Lacroix,2000-06-04,CB,CHE,France,50000000,full,False,2025-26,False,first_team
romeo_lavia_che,Roméo Lavia,2004-06-01,DM,CHE,Belgium,22000000,full,False,2025-26,True,first_team
pedro_neto_che,Pedro Neto,2000-09-03,WING,CHE,Portugal,60000000,full,False,2025-26,False,first_team
emiliano_martinez_che,Emiliano Martínez,1992-02-09,GK,CHE,Argentina,12000000,full,False,2025-26,True,first_team
cole_palmer_che,Cole Palmer,2002-06-05,AM,CHE,England,100000000,full,False,2025-26,True,first_team
morgan_rogers_che,Morgan Rogers,2002-07-26,AM,CHE,England,110000000,full,False,2025-26,True,first_team
levi_colwill_che,Levi Colwill,2003-02-26,CB,CHE,England,50000000,full,True,2025-26,True,first_team
teddy_sharman-lowe_che,Teddy Sharman-Lowe,2003-03-30,GK,CHE,England,500000,bio_only,False,,True,first_team
gabriel_slonina_che,Gabriel Slonina,2004-05-15,GK,CHE,United States,3000000,bio_only,False,,True,first_team
danny_welbeck_che,Danny Welbeck,1990-11-26,ST,CHE,England,3000000,full,False,2025-26,True,first_team
josh_acheampong_che,Josh Acheampong,2006-05-05,FB,CHE,England,25000000,full,False,2025-26,True,u21_breakout
jesse_derry_che,Jesse Derry,,ST,CHE,,,stats_only,True,2025-26,True,u21_breakout
jorrel_hato_che,Jorrel Hato,2006-07-03,FB,CHE,Netherlands,40000000,full,False,2025-26,False,u21_breakout
dario_essugo_che,Dário Essugo,2005-03-14,DM,CHE,Portugal,15000000,full,True,2025-26,False,u21_breakout
shumaira_mheuka_che,Shumaira Mheuka,2007-10-20,ST,CHE,England,800000,full,True,2024-25,True,u21_breakout
mamadou_sarr_che,Mamadou Sarr,2005-08-29,CB,CHE,Senegal,22000000,full,True,2025-26,False,u21_breakout
aurele_amenda_cov,Aurèle Amenda,2003-07-31,CB,COV,Switzerland,10000000,bio_only,False,,False,first_team
taiwo_awoniyi_cov,Taiwo Awoniyi,1997-12-08,ST,COV,Nigeria,8000000,full,False,2025-26,True,first_team
daniel_bentley_cov,Daniel Bentley,1993-07-13,GK,COV,England,800000,full,True,2025-26,True,first_team
jay_dasilva_cov,Jay Dasilva,1998-04-22,FB,COV,Wales,9000000,bio_only,False,,True,first_team
josh_eccles_cov,Josh Eccles,2000-06-04,CM,COV,England,9000000,bio_only,False,,True,first_team
matt_grimes_cov,Matt Grimes,1995-07-15,DM,COV,England,5000000,bio_only,False,,True,first_team
gustavo_hamer_cov,Gustavo Hamer,1997-06-24,CM,COV,Netherlands,15000000,bio_only,False,,False,first_team
kaine_kesler-hayden_cov,Kaine Kesler-Hayden,2002-10-23,FB,COV,England,3000000,bio_only,False,,True,first_team
joel_latibeaudiere_cov,Joel Latibeaudiere,2000-06-01,CB,COV,Jamaica,3000000,bio_only,False,,True,first_team
ephron_mason-clark_cov,Ephron Mason-Clark,1999-08-25,WING,COV,Jamaica,16000000,bio_only,False,,True,first_team
frank_onyeka_cov,Frank Onyeka,1998-01-01,CM,COV,Nigeria,8000000,full,True,2025-26,False,first_team
victor_torp_cov,Victor Torp,1999-07-30,CM,COV,Denmark,14000000,bio_only,False,,False,first_team
ethan_pinnock_cov,Ethan Pinnock,1993-05-29,CB,COV,Jamaica,3000000,full,False,2025-26,True,first_team
jack_rudoni_cov,Jack Rudoni,2001-06-14,AM,COV,England,20000000,bio_only,False,,True,first_team
carl_rushworth_cov,Carl Rushworth,2001-02-07,GK,COV,England,16000000,bio_only,False,,True,first_team
tatsuhiro_sakamoto_cov,Tatsuhiro Sakamoto,1996-10-22,WING,COV,Japan,4500000,bio_only,False,,False,first_team
ellis_simms_cov,Ellis Simms,2001-05-01,ST,COV,England,12000000,bio_only,False,,True,first_team
loum_tchaouna_cov,Loum Tchaouna,2003-08-09,WING,COV,France,13000000,full,False,2025-26,False,first_team
bobby_thomas_cov,Bobby Thomas,2001-01-30,CB,COV,England,16000000,bio_only,False,,True,first_team
brandon_thomas-asante_cov,Brandon Thomas-Asante,1998-12-29,ST,COV,Ghana,16000000,bio_only,False,,True,first_team
milan_van_ewijk_cov,Milan van Ewijk,2000-08-09,FB,COV,Netherlands,22000000,bio_only,False,,False,first_team
ben_wilson_cov,Ben Wilson,1992-09-08,GK,COV,England,300000,bio_only,False,,True,first_team
luke_woolfenden_cov,Luke Woolfenden,1998-10-21,CB,COV,England,2000000,full,False,2024-25,True,first_team
haji_wright_cov,Haji Wright,1998-03-27,ST,COV,United States,16000000,bio_only,False,,False,first_team
harry_clarke_cov,Harry Clarke,2001-02-03,FB,COV,England,2500000,full,False,2024-25,False,u21_breakout
walter_benitez_cry,Walter Benítez,1993-01-19,GK,CRY,Argentina,4000000,full,True,2025-26,False,first_team
ben_chilwell_cry,Ben Chilwell,1996-12-21,FB,CRY,England,15000000,full,True,2024-25,True,first_team
axel_disasi_cry,Axel Disasi,1998-11-03,CB,CRY,France,15000000,full,False,2025-26,False,first_team
cheick_doucoure_cry,Cheick Doucouré,2000-08-01,DM,CRY,Mali,10000000,full,False,2024-25,False,first_team
matheus_franca_cry,Matheus França,2004-01-04,AM,CRY,Brazil,6000000,full,True,2024-25,False,first_team
evann_guessand_cry,Evann Guessand,2001-01-07,WING,CRY,Cote d'Ivoire,25000000,full,False,2025-26,False,first_team
dean_henderson_cry,Dean Henderson,1997-12-03,GK,CRY,England,28000000,full,False,2025-26,True,first_team
will_hughes_cry,Will Hughes,1995-04-17,CM,CRY,England,5000000,full,False,2025-26,True,first_team
daichi_kamada_cry,Daichi Kamada,1996-05-08,AM,CRY,Japan,10000000,full,False,2025-26,False,first_team
jorgen_strand_larsen_cry,Jørgen Strand Larsen,2000-06-02,ST,CRY,Norway,40000000,full,False,2025-26,False,first_team
jefferson_lerma_cry,Jefferson Lerma,1994-10-25,DM,CRY,Colombia,6000000,full,False,2025-26,False,first_team
jean-philippe_mateta_cry,Jean-Philippe Mateta,1997-06-28,ST,CRY,France,30000000,full,False,2024-25,False,first_team
remi_matthews_cry,Remi Matthews,1994-10-02,GK,CRY,England,200000,bio_only,False,,True,first_team
dwight_mcneil_cry,Dwight McNeil,1999-11-22,WING,CRY,England,18000000,full,False,2025-26,True,first_team
oscar_mingueza_cry,Óscar Mingueza,1999-05-13,FB,CRY,Spain,18000000,bio_only,False,,False,first_team
tyrick_mitchell_cry,Tyrick Mitchell,1999-01-09,FB,CRY,England,25000000,full,False,2025-26,True,first_team
eddie_nketiah_cry,Eddie Nketiah,1999-05-30,ST,CRY,England,10000000,full,False,2025-26,True,first_team
yeremy_pino_cry,Yéremy Pino,2002-10-20,WING,CRY,Spain,30000000,full,False,2025-26,False,first_team
chris_richards_cry,Chris Richards,2000-03-28,CB,CRY,United States,28000000,full,False,2025-26,False,first_team
ismaila_sarr_cry,Ismaïla Sarr,1998-02-25,WING,CRY,Senegal,45000000,full,False,2025-26,False,first_team
takehiro_tomiyasu_cry,Takehiro Tomiyasu,1998-05-11,CB,CRY,Japan,18000000,full,True,2024-25,False,first_team
adam_wharton_cry,Adam Wharton,2004-06-02,DM,CRY,England,70000000,full,False,2025-26,True,first_team
jaydee_canvot_cry,Jaydee Canvot,2006-07-29,CB,CRY,France,28000000,full,False,2025-26,False,u21_breakout
joel_ward_cry,Joel Ward,1989-10-29,FB,CRY,England,500000,full,True,2025-26,True,u21_breakout
romain_esse_cry,Romain Esse,2005-05-13,WING,CRY,England,10000000,full,True,2025-26,True,u21_breakout
james_hill_cry,James Hill,2002-10-01,CB,CRY,England,23000000,full,False,2025-26,False,u21_breakout
caleb_kporha_cry,Caleb Kporha,2006-07-15,FB,CRY,England,1000000,full,True,2024-25,True,u21_breakout
carlos_alcaraz_eve,Carlos Alcaraz,2002-11-30,CM,EVE,Argentina,15000000,full,False,2025-26,False,first_team
thierno_barry_eve,Thierno Barry,2002-10-21,ST,EVE,France,30000000,full,False,2025-26,False,first_team
christian_norgaard_eve,Christian Nørgaard,1994-10-03,DM,EVE,Denmark,5000000,full,True,2025-26,False,first_team
jarrad_branthwaite_eve,Jarrad Branthwaite,2002-06-27,CB,EVE,England,40000000,full,False,2025-26,True,first_team
kiernan_dewsbury-hall_eve,Kiernan Dewsbury-Hall,1998-06-09,CM,EVE,England,35000000,full,False,2025-26,True,first_team
james_garner_eve,James Garner,2001-03-13,DM,EVE,England,45000000,full,False,2025-26,True,first_team
jack_grealish_eve,Jack Grealish,1995-10-09,WING,EVE,England,20000000,full,False,2025-26,True,first_team
hayden_hackney_eve,Hayden Hackney,2002-06-26,DM,EVE,England,32000000,bio_only,False,,True,first_team
brennan_johnson_eve,Brennan Johnson,2001-05-23,WING,EVE,Wales,30000000,full,False,2025-26,True,first_team
michael_keane_eve,Michael Keane,1993-11-01,CB,EVE,England,3000000,full,False,2025-26,True,first_team
tom_king_eve,Tom King,1995-09-03,GK,EVE,Wales,100000,full,True,2024-25,True,first_team
ainsley_maitland-niles_eve,Ainsley Maitland-Niles,1997-08-29,FB,EVE,England,8000000,bio_only,False,,True,first_team
vitalii_mykolenko_eve,Vitalii Mykolenko,,CB,EVE,,,stats_only,False,2024-25,False,first_team
jake_o'brien_eve,Jake O'Brien,2001-05-15,FB,EVE,Ireland,18000000,full,False,2025-26,False,first_team
jordan_pickford_eve,Jordan Pickford,1994-07-03,GK,EVE,England,13000000,full,False,2025-26,True,first_team
merlin_rohl_eve,Merlin Röhl,2002-05-07,AM,EVE,Germany,16000000,full,False,2025-26,False,first_team
james_tarkowski_eve,James Tarkowski,1992-11-19,CB,EVE,England,5000000,full,False,2025-26,True,first_team
mark_travers_eve,Mark Travers,1999-05-18,GK,EVE,Ireland,3000000,full,False,2024-25,True,first_team
harrison_armstrong_eve,Harrison Armstrong,2007-01-19,CM,EVE,England,12000000,full,False,2025-26,True,u21_breakout
tyrique_george_eve,Tyrique George,2006-04-02,WING,EVE,England,20000000,full,False,2025-26,True,u21_breakout
tom_cairney_ful,Tom Cairney,1991-01-20,CM,FUL,Scotland,500000,bio_only,False,,True,first_team
joachim_andersen_ful,Joachim Andersen,1996-05-31,CB,FUL,Denmark,20000000,full,False,2025-26,False,first_team
calvin_bassey_ful,Calvin Bassey,1999-12-31,CB,FUL,Nigeria,28000000,full,False,2025-26,True,first_team
sander_berge_ful,Sander Berge,1998-02-14,DM,FUL,Norway,25000000,full,False,2025-26,False,first_team
oscar_bobb_ful,Oscar Bobb,2003-12-07,WING,FUL,Norway,28000000,full,False,2025-26,True,first_team
tom_cairney_ful_2,Tom Cairney,1991-01-20,CM,FUL,Scotland,500000,full,False,2025-26,True,first_team
timothy_castagne_ful,Timothy Castagne,1995-05-12,FB,FUL,Belgium,8000000,full,False,2025-26,False,first_team
shea_charles_ful,Shea Charles,2003-05-11,DM,FUL,Northern Ireland,10000000,bio_only,False,,True,first_team
jorge_cuenca_ful,Jorge Cuenca,1999-11-17,CB,FUL,Spain,8000000,full,False,2025-26,False,first_team
alex_iwobi_ful,Alex Iwobi,1996-03-05,WING,FUL,Nigeria,20000000,full,False,2025-26,True,first_team
benjamin_lecomte_ful,Benjamin Lecomte,1991-04-26,GK,FUL,France,800000,bio_only,False,,False,first_team
bernd_leno_ful,Bernd Leno,1992-04-03,GK,FUL,Germany,6000000,full,False,2025-26,False,first_team
rodrigo_muniz_ful,Rodrigo Muniz,2001-04-05,ST,FUL,Brazil,20000000,full,False,2025-26,False,first_team
harrison_reed_ful,Harrison Reed,1995-01-27,CM,FUL,England,2000000,full,True,2025-26,True,first_team
antonee_robinson_ful,Antonee Robinson,1997-08-08,FB,FUL,United States,22000000,full,False,2025-26,True,first_team
kevin_mbabu_ful,Kevin Mbabu,1995-04-19,FB,FUL,Switzerland,4000000,bio_only,False,,False,first_team
ryan_sessegnon_ful,Ryan Sessegnon,2000-05-18,FB,FUL,England,22000000,full,False,2025-26,True,first_team
emile_smith_rowe_ful,Emile Smith Rowe,2000-07-28,AM,FUL,England,20000000,full,False,2025-26,True,first_team
kenny_tete_ful,Kenny Tete,1995-09-10,FB,FUL,Netherlands,8000000,full,False,2025-26,False,first_team
josh_king_ful,Josh King,2007-03-01,AM,FUL,England,25000000,full,False,2025-26,True,u21_breakout
jonah_kusi-asare_ful,Jonah Kusi-Asare,2007-04-07,ST,FUL,Sweden,3000000,full,True,2025-26,False,u21_breakout
mohamed_belloumi_hul,Mohamed Belloumi,2002-01-06,WING,HUL,Algeria,6000000,bio_only,False,,False,first_team
jack_butland_hul,Jack Butland,1993-10-03,GK,HUL,England,1500000,bio_only,False,,True,first_team
lewie_coyle_hul,Lewie Coyle,1995-10-15,FB,HUL,England,1200000,bio_only,False,,True,first_team
matt_crooks_hul,Matt Crooks,1994-01-20,CM,HUL,England,700000,bio_only,False,,True,first_team
john_egan_hul,John Egan,1992-10-20,CB,HUL,Ireland,1000000,bio_only,False,,True,first_team
joe_gelhardt_hul,Joe Gelhardt,2002-04-05,ST,HUL,England,14000000,bio_only,False,,True,first_team
ryan_giles_hul,Ryan Giles,2000-01-26,FB,HUL,England,12000000,bio_only,False,,True,first_team
charlie_hughes_hul,Charlie Hughes,2003-10-16,CB,HUL,England,10000000,bio_only,False,,True,first_team
paddy_mcnair_hul,Paddy McNair,1995-04-27,CB,HUL,Northern Ireland,1500000,bio_only,False,,True,first_team
abdulkadir_omur_hul,Abdülkadir Ömür,1999-06-25,WING,HUL,Türkiye,1500000,bio_only,False,,False,first_team
dillon_phillips_hul,Dillon Phillips,1995-11-06,GK,HUL,England,200000,bio_only,False,,True,first_team
regan_slater_hul,Regan Slater,1999-11-09,DM,HUL,England,5500000,bio_only,False,,True,first_team
matt_targett_hul,Matt Targett,1995-09-18,FB,HUL,England,3000000,full,True,2024-25,True,first_team
liam_millar_hul,Liam Millar,1999-09-27,WING,HUL,Canada,5000000,bio_only,False,,True,first_team
chuba_akpom_ips,Chuba Akpom,1995-09-10,ST,IPS,England,3500000,bio_only,False,,True,first_team
jack_clarke_ips,Jack Clarke,2000-11-23,WING,IPS,England,20000000,full,False,2024-25,True,first_team
emersonn_ips,Emersonn,2004-07-16,ST,IPS,Brazil,8000000,bio_only,False,,False,first_team
leif_davis_ips,Leif Davis,1999-12-31,FB,IPS,England,20000000,full,False,2024-25,True,first_team
issa_diop_ips,Issa Diop,1997-09-01,CB,IPS,Morocco,8000000,full,False,2025-26,False,first_team
julio_enciso_ips,Julio Enciso,2004-01-23,AM,IPS,Paraguay,22000000,full,False,2024-25,False,first_team
abdul_fatawu_ips,Abdul Fatawu,2004-08-03,WING,IPS,Ghana,20000000,full,False,2024-25,False,first_team
zian_flemming_ips,Zian Flemming,1998-01-08,ST,IPS,Netherlands,12000000,full,False,2025-26,False,first_team
darnell_furlong_ips,Darnell Furlong,1995-10-31,FB,IPS,England,2500000,bio_only,False,,True,first_team
jacob_greaves_ips,Jacob Greaves,2000-12-09,CB,IPS,England,14000000,full,False,2024-25,True,first_team
cedric_kipre_ips,Cédric Kipré,1996-09-12,CB,IPS,Cote d'Ivoire,2000000,bio_only,False,,True,first_team
sasa_lukic_ips,Saša Lukić,1996-08-13,CM,IPS,Serbia,10000000,full,False,2025-26,False,first_team
azor_matusiwa_ips,Azor Matusiwa,1998-04-28,DM,IPS,Netherlands,12000000,bio_only,False,,False,first_team
kasey_mcateer_ips,Kasey McAteer,2001-11-22,WING,IPS,Ireland,10000000,full,False,2024-25,True,first_team
anis_mehmeti_ips,Anis Mehmeti,2001-09-01,AM,IPS,Albania,15000000,bio_only,False,,True,first_team
florentino_luis_ips,Florentino Luís,,CM,IPS,,,stats_only,False,2025-26,False,first_team
marcelino_nunez_ips,Marcelino Núñez,2000-01-03,CM,IPS,Chile,14000000,bio_only,False,,False,first_team
dara_o'shea_ips,Dara O'Shea,1999-04-03,CB,IPS,Ireland,16000000,full,False,2024-25,True,first_team
alex_palmer_ips,Alex Palmer,1996-10-08,GK,IPS,England,1000000,full,False,2024-25,True,first_team
jaden_philogene_ips,Jaden Philogene,2002-08-02,WING,IPS,England,20000000,bio_only,False,,True,first_team
jack_taylor_ips,Jack Taylor,1998-06-23,CM,IPS,Ireland,3000000,full,False,2024-25,True,first_team
christian_walton_ips,Christian Walton,1995-09-11,GK,IPS,England,2500000,full,False,2024-25,True,first_team
jack_taylor_ips_2,Jack Taylor,1998-06-23,CM,IPS,Ireland,3000000,full,False,2024-25,True,u21_breakout
brenden_aaronson_lee,Brenden Aaronson,2000-10-22,AM,LEE,United States,22000000,full,False,2025-26,False,first_team
ethan_ampadu_lee,Ethan Ampadu,2000-09-14,DM,LEE,Wales,30000000,full,False,2025-26,True,first_team
jaka_bijol_lee,Jaka Bijol,1999-05-02,CB,LEE,Slovenia,20000000,full,False,2025-26,False,first_team
jayden_bogle_lee,Jayden Bogle,2000-07-27,FB,LEE,England,15000000,full,False,2025-26,True,first_team
alex_cairns_lee,Alex Cairns,1993-04-01,GK,LEE,England,50000,bio_only,False,,True,first_team
dominic_calvert-lewin_lee,Dominic Calvert-Lewin,1997-03-16,ST,LEE,England,22000000,full,False,2025-26,True,first_team
ilia_gruev_lee,Ilia Gruev,2000-06-05,DM,LEE,Bulgaria,12000000,full,False,2025-26,False,first_team
gabriel_gudmundsson_lee,Gabriel Gudmundsson,1999-04-29,FB,LEE,Sweden,20000000,full,False,2025-26,False,first_team
daniel_james_lee,Daniel James,1997-10-11,WING,LEE,Wales,10000000,full,False,2025-26,True,first_team
mateo_joseph_lee,Mateo Joseph,2003-10-19,ST,LEE,Spain,3500000,bio_only,False,,True,first_team
james_justin_lee,James Justin,1998-02-23,FB,LEE,England,12000000,full,False,2025-26,True,first_team
sean_longstaff_lee,Sean Longstaff,1997-10-30,CM,LEE,England,15000000,full,False,2025-26,True,first_team
tarik_muharemovic_lee,Tarik Muharemović,2003-02-28,CB,LEE,Bosnia-Herzegovina,35000000,bio_only,False,,False,first_team
lukas_nmecha_lee,Lukas Nmecha,1998-12-14,ST,LEE,Germany,10000000,full,False,2025-26,True,first_team
noah_okafor_lee,Noah Okafor,2000-05-24,WING,LEE,Switzerland,25000000,full,False,2025-26,False,first_team
joe_rodon_lee,Joe Rodon,1997-10-22,CB,LEE,Wales,18000000,full,False,2025-26,True,first_team
anton_stach_lee,Anton Stach,1998-11-15,DM,LEE,Germany,28000000,full,False,2025-26,False,first_team
ao_tanaka_lee,Ao Tanaka,1998-10-09,CM,LEE,Japan,13000000,full,False,2025-26,False,first_team
james_trafford_lee,James Trafford,2002-10-10,GK,LEE,England,25000000,full,False,2025-26,True,first_team
harry_wilson_lee,Harry Wilson,1997-03-22,WING,LEE,Wales,25000000,full,False,2025-26,True,first_team
federico_chiesa_liv,Federico Chiesa,1997-10-25,WING,LIV,Italy,13000000,bio_only,False,,False,first_team
alisson_liv,Alisson,1992-02-10,GK,LIV,Brazil,15000000,full,False,2024-25,False,first_team
conor_bradley_liv,Conor Bradley,2003-09-07,FB,LIV,Northern Ireland,25000000,full,False,2025-26,True,first_team
luke_chambers_liv,Luke Chambers,2001-03-02,CB,LIV,England,1500000,bio_only,False,,True,first_team
federico_chiesa_liv_2,Federico Chiesa,1997-10-25,WING,LIV,Italy,13000000,full,False,2025-26,False,first_team
hugo_ekitike_liv,Hugo Ekitiké,2002-06-20,ST,LIV,France,80000000,full,False,2025-26,False,first_team
wataru_endo_liv,Wataru Endo,1993-09-02,DM,LIV,Japan,4000000,full,True,2025-26,False,first_team
jeremie_frimpong_liv,Jeremie Frimpong,2000-10-12,FB,LIV,Netherlands,35000000,full,False,2025-26,True,first_team
cody_gakpo_liv,Cody Gakpo,1999-07-05,WING,LIV,Netherlands,60000000,full,False,2025-26,False,first_team
joe_gomez_liv,Joe Gomez,1997-05-23,CB,LIV,England,13000000,full,False,2025-26,True,first_team
ryan_gravenberch_liv,Ryan Gravenberch,2002-05-16,DM,LIV,Netherlands,80000000,full,False,2025-26,False,first_team
alexander_isak_liv,Alexander Isak,1999-09-21,ST,LIV,Sweden,85000000,full,False,2025-26,False,first_team
vitezslav_jaros_liv,Vitezslav Jaros,2001-07-23,GK,LIV,Czech Republic,5000000,full,True,2024-25,True,first_team
milos_kerkez_liv,Milos Kerkez,2003-07-11,FB,LIV,Hungary,35000000,full,False,2025-26,False,first_team
alexis_mac_allister_liv,Alexis Mac Allister,1998-12-24,CM,LIV,Argentina,70000000,full,False,2025-26,False,first_team
giorgi_mamardashvili_liv,Giorgi Mamardashvili,2000-09-29,GK,LIV,Georgia,28000000,full,False,2025-26,False,first_team
james_mcconnell_liv,James McConnell,2004-10-22,DM,LIV,England,500000,bio_only,False,,True,first_team
victor_munoz_liv,Víctor Muñoz,2003-07-13,WING,LIV,Spain,30000000,bio_only,False,,False,first_team
dominik_szoboszlai_liv,Dominik Szoboszlai,2000-10-25,AM,LIV,Hungary,100000000,full,False,2025-26,False,first_team
konstantinos_tsimikas_liv,Konstantinos Tsimikas,1996-12-05,FB,LIV,Greece,4500000,bio_only,False,,False,first_team
virgil_van_dijk_liv,Virgil van Dijk,1991-08-07,CB,LIV,Netherlands,15000000,full,False,2025-26,False,first_team
florian_wirtz_liv,Florian Wirtz,2003-03-05,AM,LIV,Germany,100000000,full,False,2025-26,False,first_team
freddie_woodman_liv,Freddie Woodman,1997-04-03,GK,LIV,England,3000000,full,True,2025-26,True,first_team
jayden_danns_liv,Jayden Danns,1999-06-24,ST,LIV,England,1000000,full,True,2024-25,True,u21_breakout
rio_ngumoha_liv,Rio Ngumoha,2008-08-29,WING,LIV,England,30000000,full,False,2025-26,True,u21_breakout
trey_nyoni_liv,Trey Nyoni,2007-06-30,CM,LIV,England,8000000,full,True,2025-26,True,u21_breakout
rayan_ait-nouri_mci,Rayan Aït-Nouri,2001-06-06,FB,MCI,Algeria,40000000,full,False,2025-26,False,first_team
elliot_anderson_mci,Elliot Anderson,2002-06-11,CM,MCI,England,110000000,full,False,2025-26,True,first_team
marcus_bettinelli_mci,Marcus Bettinelli,1992-05-24,GK,MCI,England,300000,bio_only,False,,True,first_team
rayan_cherki_mci,Rayan Cherki,2003-08-17,AM,MCI,France,90000000,full,False,2025-26,False,first_team
jeremy_doku_mci,Jérémy Doku,2002-05-27,WING,MCI,Belgium,75000000,full,False,2025-26,False,first_team
gianluigi_donnarumma_mci,Gianluigi Donnarumma,1999-02-25,GK,MCI,Italy,45000000,full,False,2025-26,False,first_team
ruben_dias_mci,Rúben Dias,1997-05-14,CB,MCI,Portugal,55000000,full,False,2025-26,False,first_team
enzo_fernandez_mci,Enzo Fernández,2001-01-17,CM,MCI,Argentina,100000000,full,False,2025-26,False,first_team
josko_gvardiol_mci,Josko Gvardiol,2002-01-23,CB,MCI,Croatia,70000000,full,False,2025-26,False,first_team
erling_haaland_mci,Erling Haaland,2000-07-21,ST,MCI,Norway,220000000,full,False,2025-26,False,first_team
abdukodir_khusanov_mci,Abdukodir Khusanov,2004-02-29,CB,MCI,Uzbekistan,50000000,full,False,2025-26,False,first_team
mateo_kovacic_mci,Mateo Kovacic,1994-06-05,CM,MCI,Croatia,10000000,full,True,2025-26,False,first_team
rico_lewis_mci,Rico Lewis,2004-11-21,FB,MCI,England,28000000,full,False,2025-26,True,first_team
iliman_ndiaye_mci,Iliman Ndiaye,2000-06-03,WING,MCI,Senegal,55000000,full,False,2025-26,True,first_team
matheus_nunes_mci,Matheus Nunes,1998-08-27,FB,MCI,Portugal,50000000,full,False,2025-26,False,first_team
antoine_semenyo_mci,Antoine Semenyo,2000-07-01,WING,MCI,Ghana,80000000,full,False,2025-26,True,first_team
max_alleyne_mci,Max Alleyne,2005-07-21,CB,MCI,England,8000000,full,True,2025-26,True,u21_breakout
vitor_reis_mci,Vitor Reis,2006-12-01,CB,MCI,Brazil,30000000,full,True,2024-25,False,u21_breakout
claudio_echeverri_mci,Claudio Echeverri,2006-02-01,AM,MCI,Argentina,15000000,full,True,2024-25,False,u21_breakout
jeremy_monga_mci,Jeremy Monga,2009-10-07,WING,MCI,England,15000000,full,True,2024-25,True,u21_breakout
divine_mukasa_mci,Divine Mukasa,,CM,MCI,,,stats_only,True,2025-26,True,u21_breakout
nico_o'reilly_mci,Nico O'Reilly,2005-03-21,FB,MCI,England,70000000,full,False,2025-26,True,u21_breakout
bruno_fernandes_mun,Bruno Fernandes,1994-08-09,AM,MUN,Portugal,35000000,full,False,2025-26,False,first_team
diogo_dalot_mun,Diogo Dalot,1999-03-18,FB,MUN,Portugal,30000000,full,False,2025-26,False,first_team
karl_darlow_mun,Karl Darlow,1990-08-10,GK,MUN,Wales,200000,full,False,2025-26,True,first_team
matthijs_de_ligt_mun,Matthijs de Ligt,1999-12-08,CB,MUN,Netherlands,30000000,full,False,2025-26,False,first_team
amad_diallo_mun,Amad Diallo,2002-11-07,WING,MUN,Cote d'Ivoire,45000000,full,False,2025-26,True,first_team
patrick_dorgu_mun,Patrick Dorgu,2004-10-26,WING,MUN,Denmark,35000000,full,False,2025-26,False,first_team
tom_heaton_mun,Tom Heaton,1986-04-15,GK,MUN,England,100000,bio_only,False,,True,first_team
senne_lammens_mun,Senne Lammens,2002-07-07,GK,MUN,Belgium,35000000,full,False,2025-26,False,first_team
harry_maguire_mun,Harry Maguire,1993-05-03,CB,MUN,England,8000000,full,False,2025-26,True,first_team
lisandro_martinez_mun,Lisandro Martínez,1998-01-18,CB,MUN,Argentina,45000000,full,False,2025-26,False,first_team
noussair_mazraoui_mun,Noussair Mazraoui,1997-11-14,FB,MUN,Morocco,18000000,full,False,2025-26,False,first_team
bryan_mbeumo_mun,Bryan Mbeumo,1999-07-08,WING,MUN,Cameroon,75000000,full,False,2025-26,False,first_team
dermot_mee_mun,Dermot Mee,2002-11-20,GK,MUN,Northern Ireland,,bio_only,False,,True,first_team
mason_mount_mun,Mason Mount,1999-10-01,AM,MUN,England,25000000,full,False,2025-26,True,first_team
andrey_santos_mun,Andrey Santos,2004-03-05,CM,MUN,Brazil,40000000,full,False,2025-26,False,first_team
carlos_baleba_mun,Carlos Baleba,2004-03-01,DM,MUN,Cameroon,55000000,full,False,2025-26,False,first_team
marcus_rashford_mun,Marcus Rashford,1997-10-31,WING,MUN,England,40000000,full,False,2024-25,True,first_team
matheus_cunha_mun,Matheus Cunha,1999-05-27,ST,MUN,Brazil,75000000,full,False,2025-26,False,first_team
benjamin_sesko_mun,Benjamin Sesko,2003-05-31,ST,MUN,Slovenia,75000000,full,False,2025-26,False,first_team
luke_shaw_mun,Luke Shaw,1995-12-07,FB,MUN,England,8000000,full,False,2025-26,True,first_team
youri_tielemans_mun,Youri Tielemans,1997-07-05,CM,MUN,Belgium,40000000,full,False,2025-26,False,first_team
manuel_ugarte_mun,Manuel Ugarte,2001-11-04,DM,MUN,Uruguay,25000000,full,False,2025-26,False,first_team
joshua_zirkzee_mun,Joshua Zirkzee,2001-05-22,ST,MUN,Netherlands,20000000,full,False,2025-26,False,first_team
harry_amass_mun,Harry Amass,2007-03-16,FB,MUN,England,7000000,full,False,2024-25,True,u21_breakout
jack_fletcher_mun,Jack Fletcher,2007-03-19,AM,MUN,England,1500000,full,False,2025-26,True,u21_breakout
tyler_fletcher_mun,Tyler Fletcher,2007-03-19,CM,MUN,Scotland,1500000,full,False,2025-26,True,u21_breakout
ayden_heaven_mun,Ayden Heaven,2006-09-22,CB,MUN,England,30000000,full,False,2025-26,True,u21_breakout
shea_lacey_mun,Shea Lacey,2007-04-14,WING,MUN,England,5000000,full,False,2025-26,True,u21_breakout
kobbie_mainoo_mun,Kobbie Mainoo,2005-04-19,CM,MUN,England,70000000,full,False,2025-26,True,u21_breakout
bendito_mantato_mun,Bendito Mantato,,CM,MUN,,,stats_only,False,2025-26,True,u21_breakout
leny_yoro_mun,Leny Yoro,2005-11-13,CB,MUN,France,50000000,full,False,2025-26,False,u21_breakout
joelinton_new,Joelinton,1996-08-14,CM,NEW,Brazil,25000000,bio_only,False,,False,first_team
harvey_barnes_new,Harvey Barnes,1997-09-12,WING,NEW,England,32000000,full,False,2025-26,True,first_team
sven_botman_new,Sven Botman,2000-12-01,CB,NEW,Netherlands,35000000,full,False,2025-26,False,first_team
dan_burn_new,Dan Burn,1992-09-05,CB,NEW,England,4000000,full,False,2025-26,True,first_team
anthony_elanga_new,Anthony Elanga,2002-04-27,WING,NEW,Sweden,32000000,full,False,2025-26,True,first_team
mark_gillespie_new,Mark Gillespie,1992-03-27,GK,NEW,England,100000,bio_only,False,,True,first_team
lewis_hall_new,Lewis Hall,2004-08-09,FB,NEW,England,40000000,full,False,2025-26,True,first_team
jacob_murphy_new,Jacob Murphy,1995-02-24,WING,NEW,England,12000000,full,False,2025-26,True,first_team
william_osula_new,William Osula,2003-04-08,ST,NEW,Denmark,28000000,full,False,2025-26,True,first_team
nick_pope_new,Nick Pope,1992-04-19,GK,NEW,England,5000000,full,False,2025-26,True,first_team
jacob_ramsey_new,Jacob Ramsey,2001-05-28,CM,NEW,England,35000000,full,False,2025-26,True,first_team
fabian_schar_new,Fabian Schär,1991-12-20,CB,NEW,Switzerland,4000000,full,False,2025-26,False,first_team
malick_thiaw_new,Malick Thiaw,2001-08-08,CB,NEW,Germany,45000000,full,False,2025-26,False,first_team
joe_willock_new,Joe Willock,1999-08-20,CM,NEW,England,14000000,full,False,2025-26,True,first_team
yoane_wissa_new,Yoane Wissa,1996-03-09,ST,NEW,DR Congo,25000000,full,False,2025-26,False,first_team
lewis_miley_new,Lewis Miley,2006-01-05,CM,NEW,England,25000000,full,False,2025-26,True,u21_breakout
aaron_donnelly_nfo,Aaron Donnelly,2003-08-06,CB,NFO,Northern Ireland,400000,bio_only,False,,True,first_team
murillo_nfo,Murillo,2002-04-07,CB,NFO,Brazil,50000000,bio_only,False,,False,first_team
liam_delap_nfo,Liam Delap,2003-08-02,ST,NFO,England,28000000,full,False,2025-26,True,first_team
nicolas_dominguez_nfo,Nicolás Domínguez,1998-06-28,CM,NFO,Argentina,15000000,full,False,2025-26,False,first_team
morgan_gibbs-white_nfo,Morgan Gibbs-White,2000-01-27,AM,NFO,England,70000000,full,False,2025-26,True,first_team
callum_hudson-odoi_nfo,Callum Hudson-Odoi,2000-07-11,WING,NFO,England,30000000,full,False,2024-25,True,first_team
arnaud_kalimuendo_nfo,Arnaud Kalimuendo,2002-01-20,ST,NFO,France,25000000,bio_only,False,,False,first_team
igor_jesus_nfo,Igor Jesus,2001-02-25,ST,NFO,Brazil,25000000,bio_only,False,,False,first_team
jack_colback_nfo,Jack Colback,1989-10-24,DM,NFO,England,600000,bio_only,False,,False,first_team
james_mcatee_nfo,James McAtee,2002-10-18,AM,NFO,England,18000000,full,False,2025-26,True,first_team
nikola_milenkovic_nfo,Nikola Milenković,1997-12-10,CB,NFO,Serbia,28000000,full,False,2025-26,False,first_team
daniel_munoz_nfo,Daniel Muñoz,1996-05-26,FB,NFO,Colombia,22000000,full,False,2025-26,False,first_team
dan_ndoye_nfo,Dan Ndoye,2000-10-25,WING,NFO,Switzerland,32000000,full,False,2025-26,False,first_team
luca_netz_nfo,Luca Netz,2003-05-15,FB,NFO,Germany,8000000,full,True,2025-26,False,first_team
felipe_nfo,Felipe,1989-05-16,CB,NFO,Brazil,1500000,bio_only,False,,False,first_team
ibrahim_sangare_nfo,Ibrahim Sangaré,1997-02-12,DM,NFO,Cote d'Ivoire,20000000,full,False,2025-26,False,first_team
nicolo_savona_nfo,Nicolò Savona,2003-03-19,FB,NFO,Italy,15000000,full,False,2025-26,False,first_team
xaver_schlager_nfo,Xaver Schlager,1997-09-28,CM,NFO,Austria,10000000,bio_only,False,,False,first_team
matz_sels_nfo,Matz Sels,1992-02-26,GK,NFO,Belgium,3500000,full,False,2025-26,False,first_team
neco_williams_nfo,Neco Williams,2001-04-13,FB,NFO,Wales,28000000,full,False,2025-26,True,first_team
chris_wood_nfo,Chris Wood,1991-07-12,ST,NFO,New Zealand,5000000,full,False,2025-26,True,first_team
ryan_yates_nfo,Ryan Yates,1997-11-21,CM,NFO,England,7000000,full,False,2025-26,True,first_team
zach_abbott_nfo,Zach Abbott,2006-05-13,CB,NFO,England,4000000,full,True,2025-26,True,u21_breakout
eric_da_silva_moreira_nfo,Eric da Silva Moreira,2006-03-05,FB,NFO,Germany,800000,full,True,2024-25,False,u21_breakout
federico_fernandez_sun,Federico Fernández,1989-02-21,CB,SUN,Argentina,700000,full,False,2025-26,False,first_team
abdoullah_ba_sun,Abdoullah Ba,2003-07-31,WING,SUN,France,1500000,bio_only,False,,False,first_team
dan_ballard_sun,Dan Ballard,1999-09-22,CB,SUN,Northern Ireland,20000000,full,False,2025-26,True,first_team
brian_brobbey_sun,Brian Brobbey,2002-01-02,ST,SUN,Netherlands,40000000,full,False,2025-26,False,first_team
alan_browne_sun,Alan Browne,1995-04-15,CM,SUN,Ireland,2000000,bio_only,False,,False,first_team
kevin_danso_sun,Kevin Danso,1998-09-19,CB,SUN,Austria,20000000,full,False,2025-26,True,first_team
habib_diarra_sun,Habib Diarra,2004-03-01,CM,SUN,Senegal,35000000,full,False,2025-26,False,first_team
melker_ellborg_sun,Melker Ellborg,2003-05-22,GK,SUN,Sweden,3000000,full,False,2025-26,False,first_team
trai_hume_sun,Trai Hume,2002-03-18,FB,SUN,Northern Ireland,22000000,full,False,2025-26,False,first_team
wilson_isidor_sun,Wilson Isidor,2000-08-27,ST,SUN,Haiti,18000000,full,False,2025-26,False,first_team
enzo_le_fee_sun,Enzo Le Fée,2000-03-02,CM,SUN,France,28000000,full,False,2025-26,False,first_team
reinildo_mandava_sun,Reinildo Mandava,1994-01-21,FB,SUN,Mozambique,4000000,full,False,2025-26,False,first_team
thomas_meunier_sun,Thomas Meunier,1991-12-09,FB,SUN,Belgium,1500000,bio_only,False,,False,first_team
simon_moore_sun,Simon Moore,1990-05-19,GK,SUN,England,75000,bio_only,False,,True,first_team
nordi_mukiele_sun,Nordi Mukiele,1997-01-11,FB,SUN,France,16000000,full,False,2025-26,False,first_team
romaine_mundle_sun,Romaine Mundle,2003-04-24,WING,SUN,England,7000000,full,False,2025-26,True,first_team
luke_o'nien_sun,Luke O'Nien,1994-11-21,CB,SUN,England,700000,full,False,2025-26,True,first_team
nilson_angulo_sun,Nilson Angulo,2003-06-19,WING,SUN,Ecuador,17000000,bio_only,False,,False,first_team
robin_roefs_sun,Robin Roefs,2003-01-17,GK,SUN,Netherlands,28000000,full,False,2025-26,False,first_team
noah_sadiki_sun,Noah Sadiki,2004-12-17,CM,SUN,DR Congo,35000000,full,False,2025-26,False,first_team
granit_xhaka_sun,Granit Xhaka,1992-09-27,DM,SUN,Switzerland,8000000,full,False,2025-26,False,first_team
chris_rigg_sun,Chris Rigg,2007-06-18,AM,SUN,England,25000000,full,False,2025-26,True,u21_breakout
chemsdine_talbi_sun,Chemsdine Talbi,2005-09-05,WING,SUN,Morocco,25000000,full,False,2025-26,False,u21_breakout
brandon_austin_tot,Brandon Austin,1999-08-01,GK,TOT,England,500000,full,True,2024-25,True,first_team
rodrigo_bentancur_tot,Rodrigo Bentancur,1997-06-25,DM,TOT,Uruguay,20000000,full,False,2025-26,False,first_team
ben_davies_tot,Ben Davies,1993-04-24,CB,TOT,Wales,3000000,full,True,2025-26,True,first_team
martin_dubravka_tot,Martin Dúbravka,1989-01-15,GK,TOT,Slovakia,500000,full,False,2025-26,False,first_team
mateus_fernandes_tot,Mateus Fernandes,2004-10-07,CM,TOT,Portugal,50000000,full,False,2025-26,False,first_team
conor_gallagher_tot,Conor Gallagher,2000-06-02,CM,TOT,England,32000000,full,False,2025-26,True,first_team
antonin_kinsky_tot,Antonín Kinský,2003-03-13,GK,TOT,Czech Republic,15000000,full,False,2025-26,False,first_team
jacob_knightbridge_tot,Jacob Knightbridge,2004-01-25,GK,TOT,England,,bio_only,False,,True,first_team
mohammed_kudus_tot,Mohammed Kudus,2000-02-08,WING,TOT,Ghana,50000000,full,False,2025-26,False,first_team
dejan_kulusevski_tot,Dejan Kulusevski,2000-04-25,AM,TOT,Sweden,17000000,full,False,2024-25,False,first_team
james_maddison_tot,James Maddison,1996-11-23,AM,TOT,England,20000000,full,False,2024-25,True,first_team
omar_marmoush_tot,Omar Marmoush,1999-07-02,ST,TOT,Egypt,50000000,full,False,2025-26,False,first_team
mykhailo_mudryk_tot,Mykhailo Mudryk,,CM,TOT,,,stats_only,True,2024-25,False,first_team
wilson_odobert_tot,Wilson Odobert,2004-11-28,WING,TOT,France,18000000,full,False,2025-26,True,first_team
pedro_porro_tot,Pedro Porro,1999-09-13,FB,TOT,Spain,45000000,full,False,2025-26,False,first_team
andrew_robertson_tot,Andrew Robertson,1994-11-03,FB,TOT,Scotland,7000000,full,False,2025-26,False,first_team
marcos_senesi_tot,Marcos Senesi,1997-10-05,CB,TOT,Argentina,25000000,full,False,2025-26,False,first_team
xavi_simons_tot,Xavi Simons,2003-04-21,AM,TOT,Netherlands,40000000,full,False,2025-26,False,first_team
dominic_solanke_tot,Dominic Solanke,1997-09-14,ST,TOT,England,28000000,bio_only,False,,True,first_team
sandro_tonali_tot,Sandro Tonali,2000-08-05,DM,TOT,Italy,80000000,full,False,2025-26,False,first_team
destiny_udogie_tot,Destiny Udogie,2002-11-28,FB,TOT,Italy,30000000,full,False,2025-26,False,first_team
micky_van_de_ven_tot,Micky van de Ven,2001-04-19,CB,TOT,Netherlands,50000000,full,False,2025-26,False,first_team
lucas_bergvall_tot,Lucas Bergvall,2006-02-02,CM,TOT,Sweden,35000000,full,False,2025-26,False,u21_breakout
jun'ai_byfield_tot,Jun'ai Byfield,,CB,TOT,,,stats_only,True,2025-26,True,u21_breakout
alfie_dorrington_tot,Alfie Dorrington,2005-04-20,CB,TOT,England,500000,full,True,2024-25,True,u21_breakout
archie_gray_tot,Archie Gray,2006-12-03,DM,TOT,England,35000000,full,False,2025-26,True,u21_breakout
mikey_moore_tot,Mikey Moore,2007-11-08,WING,TOT,England,18000000,full,False,2024-25,True,u21_breakout
callum_olusesi_tot,Callum Olusesi,,CM,TOT,,,stats_only,True,2025-26,True,u21_breakout
mathys_tel_tot,Mathys Tel,2005-04-27,ST,TOT,France,22000000,full,False,2025-26,False,u21_breakout
